날짜,PM10,PM2.5,오존,이산화질소,일산화탄소,아황산가스,평균기온,강수량,풍속,풍향,상대습도
2018-11-01,27,21,0.017,0.038,0.2,0.007,11.5,,2.7,340,51.3
2018-11-02,30,22,0.015,0.049,0.3,0.005,13.3,,1.2,110,53.4
2018-11-03,27,21,0.018,0.049,0.3,0.006,13.9,,1.2,90,51.6
2018-11-04,33,28,0.024,0.046,0.2,0.007,15.3,,2.4,340,47.6
2018-11-05,35,29,0.02,0.053,0.3,0.008,15.1,,1.9,90,64.6
2018-11-06,29,22,0.02,0.039,0.3,0.003,16.4,,2.2,50,68.6
2018-11-07,29,19,0.02,0.039,0.4,0.004,16.9,,2.4,50,69.5
2018-11-08,21,17,0.023,0.03,0.4,0.007,16.8,101.2,4.7,50,91.3
2018-11-09,22,15,0.028,0.021,0.4,0.004,14.3,,4.5,270,63.6
2018-11-10,44,29,0.023,0.04,0.5,0.01,14.2,,2.8,200,56.4
2018-11-11,43,32,0.025,0.037,0.5,0.008,14.4,1,1.2,200,66.4
2018-11-12,40,30,0.019,0.036,0.5,0.004,12.6,2.8,2.1,50,77.3
2018-11-13,17,10,0.02,0.031,0.4,0.004,12.8,0,3.1,50,71.6
2018-11-14,14,9,0.016,0.034,0.4,0.005,12.7,,2.5,50,68
2018-11-15,18,14,0.013,0.041,0.4,0.007,13.3,,1.6,50,65.6
2018-11-16,27,20,0.012,0.042,0.5,0.004,12.7,0,1.6,340,71
2018-11-17,49,45,0.026,0.036,0.5,0.005,12.4,,1.9,340,57.1
2018-11-18,23,21,0.026,0.022,0.4,0.003,10.3,,3.5,340,39.5
2018-11-19,38,28,0.02,0.034,0.5,0.005,11.1,,2.5,340,40.1
2018-11-20,39,26,0.022,0.038,0.4,0.007,10.2,,3,290,42.3
2018-11-21,59,38,0.004,0.06,0.6,0.008,10.9,,1.6,340,39.9
2018-11-22,31,16,0.025,0.026,0.3,0.003,7.5,,3.1,360,35
2018-11-23,23,14,0.021,0.031,0.4,0.003,6.1,,2.1,360,33.8
2018-11-24,38,30,0.005,0.05,0.5,0.005,7.7,2.3,1.4,270,67.3
2018-11-25,41,38,0.021,0.031,0.5,0.003,9.7,,1.8,340,67.6
2018-11-26,44,35,0.012,0.049,0.5,0.007,11.1,,1.8,340,61.1
2018-11-27,56,44,0.012,0.058,0.6,0.007,14,,2.3,270,53.1
2018-11-28,106,42,0.012,0.049,0.5,0.006,11.6,,1.7,50,52.1
2018-11-29,84,31,0.007,0.049,0.5,0.008,10.4,,0.9,180,41.1
2018-11-30,127,51,0.012,0.051,0.6,0.008,11.4,,1.8,250,46.8
2018-12-01,68,30,0.019,0.035,0.4,0.004,10.4,,2.1,50,49.9
2018-12-02,39,18,0.024,0.028,0.4,0.006,14.1,0,2.1,50,69
2018-12-03,31,24,0.008,0.041,0.5,0.008,16.8,17.2,2.7,50,94.3
2018-12-04,31,23,0.014,0.036,0.5,0.005,14.6,27.9,2,20,78.1
2018-12-05,41,17,0.019,0.029,0.4,0.003,9.7,,2.6,340,49.1
2018-12-06,25,16,0.017,0.025,0.3,0.003,7.3,3.1,3.1,340,72.3
2018-12-07,19,12,0.028,0.015,0.3,0.002,0.5,,2.8,360,39.5
2018-12-08,18,10,0.026,0.013,0.3,0.002,-1.9,,2.3,360,39.5
2018-12-09,12,8,0.027,0.013,0.3,0.002,-0.5,,3.3,290,29.3
2018-12-10,21,14,0.012,0.037,0.4,0.003,4,,2,20,36.5
2018-12-11,21,15,0.009,0.035,0.4,0.003,5.8,2.8,3.5,50,83.3
2018-12-12,31,24,0.025,0.022,0.4,0.003,2.9,,3.6,340,46.5
2018-12-13,27,20,0.028,0.02,0.4,0.003,3.2,,3.6,270,44.9
2018-12-14,23,16,0.023,0.024,0.3,0.003,1.2,,4.3,340,35.5
2018-12-15,23,16,0.014,0.036,0.4,0.004,4,,1.8,340,36.6
2018-12-16,27,21,0.008,0.039,0.5,0.004,4.7,4.4,2.4,270,66.9
2018-12-17,49,37,0.024,0.03,0.4,0.004,5.9,,3.7,290,51.8
2018-12-18,37,22,0.013,0.04,0.4,0.004,5.6,,2.2,290,50.4
2018-12-19,68,47,0.029,0.038,0.6,0.009,9.6,,4.7,270,55.4
2018-12-20,108,81,0.004,0.07,0.8,0.008,10.3,,1.8,50,59.8
2018-12-21,66,44,0.007,0.059,0.6,0.006,11.9,,1.6,50,71
2018-12-22,45,36,0.018,0.042,0.5,0.006,12.5,0,1.6,50,62.1
2018-12-23,34,26,0.035,0.019,0.4,0.004,8.8,3.6,2.3,360,52.6
2018-12-24,18,10,0.027,0.022,0.3,0.003,3.9,,4,340,25.6
2018-12-25,17,12,0.02,0.026,0.3,0.004,5,,3.2,340,27.8
2018-12-26,39,28,0.022,0.031,0.4,0.004,6.9,0,2.8,360,39.3
2018-12-27,16,7,0.031,0.015,0.3,0.002,0.5,,3.2,340,17
2018-12-28,21,10,0.026,0.016,0.3,0.002,-3.5,,4.1,360,27.4
2018-12-29,24,7,0.03,0.013,0.3,0.002,-2.2,,4.6,360,26.3
2018-12-30,14,9,0.028,0.015,0.3,0.003,-0.7,,3.5,340,30.4
2018-12-31,19,12,0.018,0.032,0.4,0.003,3.9,0,2.4,340,36.5
2019-01-01,24,19,0.029,0.013,0.3,0.003,1,,4.2,290,41.9
2019-01-02,19,13,0.027,0.02,0.3,0.003,1.2,,3.2,360,34.6
2019-01-03,22,14,0.02,0.03,0.3,0.004,3,,3.5,320,22
2019-01-04,29,20,0.011,0.042,0.4,0.007,5,,3.1,340,22.3
2019-01-05,56,51,0.034,0.024,0.5,0.004,5.5,,2.9,360,31.8
2019-01-06,33,28,0.028,0.023,0.4,0.003,4.4,,2.1,340,30.5
2019-01-07,35,28,0.025,0.03,0.4,0.005,4.4,,3.5,320,22.8
2019-01-08,50,43,0.028,0.025,0.5,0.005,3.2,,3,340,35.5
2019-01-09,33,20,0.019,0.028,0.4,0.004,2.3,,3,340,36.8
2019-01-10,23,15,0.03,0.019,0.3,0.004,4.8,,3.3,320,35.1
2019-01-11,42,33,0.015,0.037,0.4,0.006,6.2,,2.6,340,54.9
2019-01-12,39,33,0.014,0.031,0.4,0.003,6.2,0.7,3.2,340,78.8
2019-01-13,74,72,0.027,0.026,0.5,0.003,6.8,,2.5,340,56.1
2019-01-14,62,53,0.014,0.049,0.5,0.005,7.3,,1.5,200,43.8
2019-01-15,74,66,0.033,0.028,0.5,0.005,5.6,,3.3,270,42.3
2019-01-16,33,18,0.026,0.02,0.3,0.003,0,,3.5,340,28.9
2019-01-17,30,22,0.03,0.016,0.4,0.003,2.4,,3.3,290,43.5
2019-01-18,44,30,0.022,0.036,0.5,0.005,5.5,,3.1,290,30.4
2019-01-19,56,45,0.014,0.047,0.5,0.009,7.5,0.5,2.5,340,49.1
2019-01-20,39,36,0.038,0.014,0.4,0.004,5.5,0.2,3.1,340,46.1
2019-01-21,22,13,0.027,0.02,0.3,0.004,2.8,,3.6,270,34.6
2019-01-22,49,32,0.024,0.032,0.4,0.006,5.5,,2.7,250,43.8
2019-01-23,83,64,0.019,0.046,0.6,0.008,6.5,,3.3,250,44.3
2019-01-24,48,29,0.017,0.044,0.5,0.008,5.7,,2.6,340,30
2019-01-25,35,24,0.026,0.031,0.4,0.004,4.2,,3.1,340,25.1
2019-01-26,40,20,0.031,0.016,0.4,0.003,1,,4.2,360,25
2019-01-27,23,17,0.026,0.026,0.4,0.007,3.9,,3.7,250,29.1
2019-01-28,49,29,0.029,0.029,0.5,0.006,5.3,,4.5,270,37.4
2019-01-29,75,25,0.016,0.043,0.5,0.007,5.2,,1.7,340,46
2019-01-30,59,32,0.021,0.047,0.5,0.01,8.6,,3.3,270,35.9
2019-01-31,43,35,0.026,0.029,0.5,0.004,2.2,11.3,3.7,340,73.4
2019-02-01,29,16,0.027,0.019,0.4,0.003,0.4,,4.2,270,51.5
2019-02-02,44,31,0.028,0.028,0.5,0.007,4.2,,3.2,270,55.1
2019-02-03,35,24,0.023,0.032,0.6,0.006,11.6,21.4,4.8,270,84.9
2019-02-04,66,23,0.037,0.013,0.4,0.003,6.8,,3.3,290,28.5
2019-02-05,69,23,0.028,0.027,0.4,0.005,8,,2.1,110,40.4
2019-02-06,51,22,0.03,0.032,0.4,0.007,10.5,,3,230,45.6
2019-02-07,49,28,0.033,0.024,0.4,0.006,8.3,0,3.8,360,45
2019-02-08,26,16,0.02,0.033,0.4,0.004,3.2,,3.2,20,40
2019-02-09,30,17,0.027,0.021,0.4,0.004,2.5,,3.4,340,28.5
2019-02-10,22,17,0.021,0.024,0.4,0.004,4,0,2.4,20,48
2019-02-11,28,19,0.032,0.019,0.4,0.003,2.9,,3.2,360,29.9
2019-02-12,44,35,0.03,0.033,0.5,0.006,4,,3.6,340,33.1
2019-02-13,62,53,0.035,0.03,0.6,0.004,4.6,,3.1,340,31.8
2019-02-14,36,26,0.023,0.036,0.5,0.005,5.2,,2.7,50,54.5
2019-02-15,40,29,0.02,0.04,0.6,0.007,6.3,1.3,3,250,62.9
2019-02-16,45,37,0.044,0.016,0.5,0.003,3.2,,3.3,290,42.8
2019-02-17,36,30,0.04,0.017,0.5,0.004,3.2,,2.9,290,30.9
2019-02-18,25,16,0.018,0.039,0.5,0.007,6.5,0,2.3,340,28.3
2019-02-19,25,18,0.01,0.042,0.5,0.003,7.1,28.8,2.6,50,89.9
2019-02-20,36,33,0.042,0.02,0.5,0.003,5.6,,3.1,340,54.3
2019-02-21,63,57,0.029,0.039,0.6,0.005,6.9,,2.2,340,56.5
2019-02-22,48,37,0.022,0.048,0.5,0.005,9,,1.7,50,60.1
2019-02-23,44,31,0.035,0.032,0.5,0.004,9.2,,3.3,20,55.1
2019-02-24,39,26,0.04,0.03,0.4,0.01,9,,2.7,200,54.3
2019-02-25,58,42,0.035,0.044,0.5,0.009,10.8,,2.5,70,50.6
2019-02-26,70,51,0.035,0.047,0.6,0.006,10.9,,1.6,340,57.5
2019-02-27,42,30,0.032,0.041,0.4,0.006,10.4,0,2.2,50,62.5
2019-02-28,55,40,0.027,0.043,0.5,0.006,10.6,0,2.1,20,63.3
2019-03-01,83,61,0.042,0.038,0.6,0.006,10.6,,2,20,47.9
2019-03-02,81,61,0.048,0.034,0.5,0.006,10.7,,2.4,50,54.5
2019-03-03,32,23,0.046,0.02,0.4,0.005,11.5,,2.8,50,52.8
2019-03-04,29,20,0.032,0.037,0.4,0.006,11.4,0,2.5,50,52.6
2019-03-05,89,65,0.04,0.051,0.6,0.01,12,,2.9,250,54.8
2019-03-06,83,71,0.031,0.048,0.6,0.01,10.7,1.1,1.7,320,67.3
2019-03-07,74,62,0.03,0.039,0.5,0.006,9.7,,2.4,50,58.4
2019-03-08,51,37,0.032,0.04,0.5,0.01,10.5,,3.2,200,61.9
2019-03-09,45,32,0.039,0.04,0.5,0.01,11.8,,3.8,230,58
2019-03-10,18,15,0.041,0.019,0.4,0.004,8.4,29.7,3.6,50,88.1
2019-03-11,35,26,0.039,0.028,0.5,0.007,9.8,0,4.4,340,60.3
2019-03-12,56,39,0.042,0.026,0.5,0.005,9.4,0.1,4.7,250,53.1
2019-03-13,33,13,0.036,0.016,0.3,0.003,5.5,,4.9,290,30.6
2019-03-14,33,15,0.034,0.027,0.4,0.007,8,,3.8,270,31.9
2019-03-15,41,30,0.039,0.028,0.5,0.007,8.2,4,4.4,270,55.8
2019-03-16,24,19,0.04,0.018,0.4,0.006,7.7,,4.4,270,56.3
2019-03-17,36,23,0.042,0.019,0.4,0.007,9.9,,3,360,47.6
2019-03-18,42,26,0.029,0.047,0.5,0.009,11.5,,4,230,58.4
2019-03-19,45,28,0.03,0.046,0.4,0.011,13.9,,3,200,49
2019-03-20,78,53,0.02,0.064,0.6,0.013,13.8,33.7,2.8,200,70
2019-03-21,33,18,0.051,0.024,0.4,0.007,15.6,5.7,5.3,250,63.9
2019-03-22,55,50,0.046,0.028,0.5,0.004,9.4,,3.4,340,48.4
2019-03-23,29,17,0.047,0.014,0.4,0.003,7,,3.9,360,36.9
2019-03-24,23,17,0.045,0.014,0.4,0.005,6.9,,4.6,270,44.8
2019-03-25,51,36,0.044,0.032,0.4,0.007,8.7,,4.3,250,41.6
2019-03-26,70,51,0.043,0.043,0.5,0.01,13.6,,2.8,270,44.8
2019-03-27,66,39,0.064,0.031,0.5,0.007,14.8,,7.2,250,48.5
2019-03-28,55,32,0.034,0.037,0.4,0.009,12.8,,2.8,90,67.4
2019-03-29,56,32,0.036,0.038,0.4,0.008,13.9,,2.9,200,73.4
2019-03-30,51,32,0.047,0.023,0.4,0.007,11.6,1.1,4,290,61.8
2019-03-31,30,21,0.049,0.009,0.4,0.003,7.7,,4.9,290,37.6
2019-04-01,27,17,0.045,0.016,0.4,0.003,7.7,,2.7,360,31
2019-04-02,30,19,0.049,0.021,0.4,0.005,9.4,,3.6,360,39.1
2019-04-03,34,20,0.046,0.029,0.4,0.007,9.8,,4.2,340,32
2019-04-04,45,24,0.053,0.027,0.4,0.01,12.1,,4.3,230,32.9
2019-04-05,58,34,0.05,0.035,0.5,0.008,13.9,,5.8,270,48.4
2019-04-06,77,30,0.035,0.042,0.4,0.011,14.4,,2.7,200,59
2019-04-07,75,40,0.039,0.036,0.5,0.009,12.4,13.2,2.1,70,76.4
2019-04-08,61,37,0.036,0.035,0.5,0.009,13.1,,3.1,230,65.1
2019-04-09,25,10,0.034,0.027,0.3,0.004,11.2,8.3,4.5,50,59.1
2019-04-10,10,5,0.032,0.023,0.3,0.003,9.7,6.9,4,50,74.4
2019-04-11,13,6,0.023,0.034,0.4,0.004,10.2,,2.3,50,61.3
2019-04-12,34,25,0.026,0.041,0.4,0.006,11.8,2.5,2.6,290,59.1
2019-04-13,58,32,0.031,0.044,0.5,0.009,13.5,,3,200,51
2019-04-14,34,22,0.049,0.02,0.4,0.006,13.3,0,4.4,270,50.9
2019-04-15,56,23,0.032,0.037,0.4,0.01,12.7,,3.6,200,40.3
2019-04-16,69,33,0.015,0.068,0.5,0.024,16,,2.3,200,37
2019-04-17,49,23,0.04,0.042,0.4,0.011,18,,3.9,270,43.5
2019-04-18,39,20,0.042,0.035,0.3,0.016,16.4,,5.2,270,60.8
2019-04-19,49,21,0.031,0.035,0.4,0.007,13.8,,3.3,50,61.4
2019-04-20,43,19,0.039,0.031,0.3,0.015,14.4,,2.9,50,61
2019-04-21,76,47,0.032,0.054,0.5,0.032,17.2,,2.5,200,65.4
2019-04-22,47,26,0.029,0.044,0.4,0.009,17.1,,2.8,90,62.5
2019-04-23,40,22,0.022,0.048,0.4,0.013,16.2,7.3,2.1,70,73.4
2019-04-24,27,20,0.015,0.038,0.4,0.012,16.8,16.1,2.1,70,95.1
2019-04-25,60,23,0.027,0.033,0.4,0.005,14.8,0.1,2.8,50,73
2019-04-26,22,12,0.022,0.032,0.4,0.006,11.3,5.3,2.4,50,86.8
2019-04-27,18,7,0.038,0.02,0.3,0.008,12.1,,2.8,20,58.4
2019-04-28,18,9,0.031,0.025,0.4,0.007,13.2,,1.8,110,58.3
2019-04-29,16,11,0.017,0.039,0.4,0.003,13,25.3,2.6,50,87.9
2019-04-30,27,17,0.024,0.032,0.4,0.007,15.6,0,2.1,50,83.5
2019-05-01,55,32,0.032,0.033,0.4,0.015,17,,2.9,290,72.1
2019-05-02,92,35,0.041,0.043,0.5,0.015,17.6,,3.8,200,54.8
2019-05-03,60,25,0.029,0.052,0.5,0.017,19.1,,2.4,110,41.9
2019-05-04,70,42,0.047,0.066,0.6,0.026,19.1,,1.8,200,53
2019-05-05,63,41,0.048,0.043,0.5,0.019,19.6,,3.8,250,51.5
2019-05-06,49,23,0.037,0.033,0.4,0.01,16.6,0,3.3,50,55.4
2019-05-07,26,11,0.037,0.022,0.3,0.006,15.2,,3.9,340,49
2019-05-08,45,21,0.062,0.039,0.4,0.016,17.3,,4.3,290,36
2019-05-09,54,24,0.058,0.036,0.4,0.013,18.6,,3.7,200,37.4
2019-05-10,63,37,0.053,0.062,0.5,0.021,19,,2.5,200,38.6
2019-05-11,63,43,0.035,0.069,0.5,0.025,19.5,,2.2,,42.4
2019-05-12,45,26,0.074,0.027,0.4,0.008,20.2,,2.5,70,43.5
2019-05-13,49,30,0.046,0.037,0.4,0.011,17.8,,2.8,110,67.1
2019-05-14,48,32,0.03,0.041,0.4,0.018,20.5,0,3.2,200,72.6
2019-05-15,37,26,0.028,0.05,0.4,0.021,21.6,,1.5,90,60.1
2019-05-16,41,29,0.027,0.055,0.4,0.02,21.7,,1.7,70,62
2019-05-17,36,22,0.036,0.037,0.4,0.01,21.1,0,2.4,90,65.5
2019-05-18,18,10,0.041,0.024,0.3,0.006,17.7,37.1,3.6,70,86.9
2019-05-19,24,11,0.035,0.022,0.3,0.01,19.4,8.4,2.8,50,83.1
2019-05-20,31,15,0.04,0.021,0.3,0.009,19,1.1,4.1,230,66.8
2019-05-21,37,12,0.045,0.025,0.4,0.008,17.9,,3.7,270,45.5
2019-05-22,60,24,0.067,0.033,0.5,0.011,19.7,,4.1,200,51.1
2019-05-23,87,45,0.061,0.046,0.5,0.015,19.3,,3.5,200,71.4
2019-05-24,86,48,0.056,0.052,0.5,0.013,20.9,,3.2,200,68.5
2019-05-25,63,36,0.069,0.039,0.5,0.011,23.4,,3.4,230,53.5
2019-05-26,41,24,0.044,0.031,0.4,0.015,22,,3.5,230,65.4
2019-05-27,35,18,0.046,0.017,0.3,0.009,19.3,28.4,6.6,230,93.9
2019-05-28,21,11,0.036,0.028,0.4,0.011,18,,2.9,110,58.9
2019-05-29,39,19,0.041,0.044,0.4,0.016,20.6,,3.8,270,46.1
2019-05-30,36,17,0.048,0.04,0.4,0.016,22.5,,3.6,200,34.4
2019-05-31,26,14,0.063,0.024,0.3,0.008,18.4,1.1,4.1,230,59.9
2019-06-01,32,21,0.059,0.027,0.4,0.011,19.8,,2.9,200,60.9
2019-06-02,36,26,0.041,0.043,0.4,0.018,20.9,,2.6,200,53.8
2019-06-03,57,37,0.041,0.051,0.5,0.018,21.3,,2.9,200,54.9
2019-06-04,52,41,0.024,0.05,0.4,0.019,23.4,,2.5,200,63.4
2019-06-05,47,32,0.035,0.044,0.4,0.02,23.9,,2.4,110,58.9
2019-06-06,55,42,0.033,0.043,0.4,0.022,22.1,28,2.4,200,75.9
2019-06-07,16,11,0.048,0.031,0.3,0.008,18.7,45.7,2.5,50,91.1
2019-06-08,32,20,0.046,0.025,0.2,0.008,19.1,,2.3,90,76.3
2019-06-09,23,14,0.045,0.013,0.2,0.007,18.5,,2.9,50,70.8
2019-06-10,23,11,0.034,0.024,0.3,0.005,18.8,,2.9,50,67
2019-06-11,22,11,0.031,0.026,0.3,0.006,18.5,0,2.5,50,70.4
2019-06-12,26,18,0.029,0.028,0.3,0.01,19.1,,2.4,50,71.4
2019-06-13,23,15,0.024,0.028,0.3,0.01,19.6,,2.2,110,74.4
2019-06-14,28,18,0.023,0.038,0.4,0.007,19.6,9.2,2,50,82.5
2019-06-15,25,16,0.047,0.026,0.3,0.014,20.6,1,2.7,90,74.1
2019-06-16,24,16,0.04,0.021,0.4,0.013,20.1,,2.4,110,75.6
2019-06-17,25,13,0.031,0.025,0.3,0.013,20.8,,3.4,200,75
2019-06-18,41,27,0.037,0.037,0.4,0.016,21.7,0.2,3.5,250,75.6
2019-06-19,54,43,0.051,0.044,0.5,0.027,23.4,,2.5,200,71.4
2019-06-20,65,52,0.052,0.046,0.5,0.018,24.3,,3.5,200,67.1
2019-06-21,50,38,0.04,0.038,0.4,0.019,23.3,,3.3,200,71.6
2019-06-22,22,12,0.045,0.017,0.3,0.007,21.3,,3.2,50,66.9
2019-06-23,16,8,0.04,0.016,0.3,0.008,20.9,,2.3,70,68.4
2019-06-24,17,10,0.033,0.026,0.3,0.009,20.9,,2.4,110,71
2019-06-25,21,13,0.032,0.031,0.3,0.008,21.9,,2.2,110,71.3
2019-06-26,18,15,0.012,0.038,0.4,0.009,20.9,112.5,2.2,70,86.6
2019-06-27,20,17,0.01,0.023,0.3,0.024,22.4,36.5,2.6,200,96
2019-06-28,23,16,0.026,0.027,0.3,0.013,22.2,,2,70,88.4
2019-06-29,23,18,0.024,0.028,0.4,0.01,21.4,91,2.7,200,94.8
2019-06-30,22,17,0.038,0.021,0.4,0.014,23.3,0.2,3.1,200,86.9
2019-07-01,47,36,0.025,0.039,0.5,0.02,23.1,0,2.9,200,88.6
2019-07-02,38,29,0.043,0.03,0.4,0.014,23.4,,2.9,200,81.6
2019-07-03,44,37,0.023,0.04,0.4,0.029,21.9,,1.9,200,91.1
2019-07-04,60,48,0.046,0.051,0.5,0.022,24.2,,2.1,200,75.8
2019-07-05,51,43,0.028,0.054,0.5,0.022,23.8,,1.7,70,70.3
2019-07-06,32,19,0.051,0.018,0.4,0.007,24.3,,3.2,50,65.9
2019-07-07,23,12,0.047,0.013,0.3,0.006,23,,3.5,50,66.1
2019-07-08,21,11,0.036,0.022,0.3,0.005,22.2,0,3,50,72
2019-07-09,21,11,0.032,0.02,0.3,0.004,22.2,,3.2,50,71.8
2019-07-10,13,9,0.03,0.019,0.3,0.003,21.7,35.1,3.7,50,87.8
2019-07-11,22,13,0.03,0.026,0.4,0.013,23.8,4.5,3.9,200,85.4
2019-07-12,28,15,0.029,0.031,0.4,0.022,24.1,,2.7,200,77.4
2019-07-13,24,18,0.03,0.031,0.3,0.016,22.3,0,2.2,200,83.5
2019-07-14,26,20,0.042,0.026,0.4,0.015,23.6,,2.3,90,74.8
2019-07-15,27,20,0.025,0.032,0.4,0.008,23.6,,2.2,90,78.4
2019-07-16,22,15,0.027,0.024,0.3,0.006,23.8,,2.6,50,77.5
2019-07-17,17,12,0.03,0.022,0.3,0.005,23.8,2.8,2.6,50,79.3
2019-07-18,16,15,0.017,0.035,0.4,0.007,22.3,38.5,1.6,50,97.1
2019-07-19,23,18,0.006,0.026,0.4,0.015,23.1,57.7,2.3,70,98.4
2019-07-20,17,8,0.022,0.006,0.3,0.005,23.4,172.2,6.3,200,98.8
2019-07-21,31,20,0.038,0.02,0.3,0.013,23.6,38.4,6.8,230,94.4
2019-07-22,42,33,0.02,0.036,0.4,0.046,25.8,,4.6,250,88.1
2019-07-23,29,21,0.016,0.023,0.4,0.02,26.6,,5,200,86.3
2019-07-24,22,15,0.012,0.021,0.3,0.015,26,0,4.4,230,89.1
2019-07-25,26,21,0.015,0.022,0.3,0.016,25.6,0.1,4.6,230,95.6
2019-07-26,28,21,0.014,0.021,0.3,0.028,25.8,0,5.6,230,96.1
2019-07-27,26,19,0.014,0.019,0.3,0.011,25.9,7.3,4.6,250,98.5
2019-07-28,18,13,0.02,0.012,0.3,0.015,26.9,,6.5,230,90.1
2019-07-29,23,18,0.009,0.018,0.3,0.011,27,2.3,4.6,250,88.8
2019-07-30,21,13,0.01,0.017,0.3,0.015,27.7,,4.9,230,87.8
2019-07-31,21,13,0.011,0.017,0.3,0.022,28,,5.1,250,83
2019-08-01,19,11,0.015,0.016,0.3,0.013,28.1,,4.3,270,81.9
2019-08-02,30,24,0.035,0.039,0.4,0.02,29.4,,2.2,90,72.5
2019-08-03,29,22,0.033,0.027,0.3,0.016,28.9,,2.3,70,72.4
2019-08-04,26,20,0.022,0.024,0.3,0.018,28.8,,2.3,110,68.1
2019-08-05,33,23,0.016,0.036,0.4,0.016,28.8,,2.3,90,66.1
2019-08-06,22,14,0.024,0.018,0.3,0.003,25.8,72.5,4,50,86.5
2019-08-07,29,19,0.02,0.026,0.3,0.017,27.5,1.2,4.9,200,86.4
2019-08-08,36,27,0.014,0.028,0.3,0.022,28.7,,2.4,200,77.9
2019-08-09,32,22,0.013,0.028,0.3,0.017,28.9,,1.6,110,76.6
2019-08-10,23,13,0.028,0.016,0.3,0.008,28.3,,2.8,70,77
2019-08-11,15,11,0.034,0.01,0.3,0.006,28,,3,70,79.9
2019-08-12,23,13,0.013,0.019,0.3,0.012,29.3,,2.7,200,78
2019-08-13,21,11,0.019,0.022,0.3,0.007,30.6,,2.8,50,66.6
2019-08-14,27,14,0.025,0.018,0.3,0.004,29.4,0.2,4.1,50,74.1
2019-08-15,8,6,0.02,0.012,0.3,0.003,27.4,6.2,3.2,50,86
2019-08-16,22,13,0.039,0.023,0.4,0.007,28.2,,5.6,270,76
2019-08-17,35,23,0.054,0.019,0.5,0.01,27.2,,4.3,250,73.9
2019-08-18,54,44,0.059,0.021,0.5,0.015,27.3,,3.8,250,82.9
2019-08-19,59,46,0.039,0.036,0.5,0.009,27.2,,2.2,110,78.3
2019-08-20,37,25,0.038,0.024,0.4,0.005,26.8,,3.1,50,74.3
2019-08-21,28,20,0.026,0.032,0.4,0.013,26.6,23,2.4,50,85.6
2019-08-22,21,10,0.012,0.019,0.3,0.009,26.1,45.1,5.9,230,94.8
2019-08-23,43,29,0.025,0.032,0.5,0.011,25.5,0,2.4,270,76.4
2019-08-24,31,21,0.051,0.02,0.5,0.006,25,0,2.4,320,64.1
2019-08-25,30,19,0.038,0.025,0.5,0.011,24.3,0,2.2,230,71.9
2019-08-26,35,25,0.043,0.035,0.5,0.011,25.2,,2.2,140,75.6
2019-08-27,18,14,0.022,0.029,0.4,0.006,23.5,4.7,2,50,95.6
2019-08-28,34,23,0.017,0.033,0.4,0.016,24.1,2.2,2.1,70,93.8
2019-08-29,31,23,0.024,0.03,0.4,0.008,23.1,1.2,2.9,270,89.1
2019-08-30,32,20,0.04,0.026,0.4,0.007,24.6,,3.3,270,72.5
2019-08-31,27,17,0.05,0.024,0.4,0.01,24.4,,3.1,230,66.4
2019-09-01,34,27,0.039,0.033,0.4,0.011,23.7,2.3,1.5,70,82.4
2019-09-02,19,18,0.016,0.039,0.4,0.005,21.4,40.4,1.7,70,98.6
2019-09-03,18,13,0.005,0.027,0.4,0.006,23,5.8,1.7,70,95.3
2019-09-04,24,16,0.006,0.03,0.3,0.011,24.5,1.3,1.8,70,93.3
2019-09-05,40,27,0.008,0.039,0.4,0.018,26.5,,1.8,90,88.6
2019-09-06,25,12,0.01,0.02,0.3,0.009,27,0,2.8,70,84.8
2019-09-07,22,9,0.015,0.01,0.2,0.007,26,12.3,6.5,250,88.1
2019-09-08,29,18,0.007,0.031,0.3,0.019,25.3,1.3,2,200,91.8
2019-09-09,34,22,0.007,0.038,0.4,0.019,27,,1.8,90,85.3
2019-09-10,36,22,0.017,0.03,0.3,0.023,26.7,,3.4,200,87
2019-09-11,27,20,0.016,0.03,0.3,0.013,25.1,13.4,2.6,50,87.6
2019-09-12,13,6,0.028,0.012,0.3,0.004,21.6,3.9,3.8,50,79.9
2019-09-13,11,3,0.029,0.006,0.3,0.004,23.2,,3.1,50,67.6
2019-09-14,22,10,0.019,0.022,0.3,0.018,23.8,,1.9,200,73.9
2019-09-15,21,12,0.023,0.02,0.3,0.011,24.9,,2.3,50,71.4
2019-09-16,18,5,0.023,0.021,0.3,0.004,23.4,,2.8,50,65.5
2019-09-17,24,6,0.026,0.023,0.3,0.004,22.9,,3.5,50,60.3
2019-09-18,25,10,0.023,0.031,0.3,0.007,22.9,,2.3,20,60
2019-09-19,31,8,0.02,0.026,0.3,0.004,21.6,,3.3,50,58.1
2019-09-20,22,5,0.02,0.027,0.3,0.004,21.5,0.3,3.7,90,66.1
2019-09-21,8,4,0.028,0.016,0.3,0.003,18.2,30.4,4.1,50,93.3
2019-09-22,3,2,0.03,0.006,0.3,0.003,18.2,81.6,7.4,50,95.6
2019-09-23,16,11,0.015,0.045,0.4,0.004,17.9,2.5,2.5,290,91.1
2019-09-24,22,12,0.015,0.04,0.4,0.012,19.4,,2.3,340,70.5
2019-09-25,21,10,0.017,0.035,0.4,0.005,20.4,,1.9,50,69.4
2019-09-26,27,10,0.025,0.032,0.3,0.006,22.9,,2.8,50,74.1
2019-09-27,27,14,0.018,0.036,0.3,0.006,22.1,15.3,2.7,50,86.4
2019-09-28,20,14,0.009,0.034,0.4,0.008,22.4,68.2,1.3,50,99.4
2019-09-29,30,26,0.017,0.036,0.4,0.017,23.9,,1.6,200,91.9
2019-09-30,46,36,0.011,0.041,0.4,0.02,24.1,0,2.1,230,89.5
2019-10-01,23,17,0.004,0.041,0.4,0.01,22.4,9.8,1.8,50,95.3
2019-10-02,22,15,0.014,0.025,0.3,0.006,22.7,94.8,3.9,50,97.8
2019-10-03,16,6,0.024,0.02,0.3,0.004,24.6,1.8,6.1,230,74.4
2019-10-04,30,15,0.014,0.038,0.3,0.015,22.9,,2.1,110,75.9
2019-10-05,33,20,0.021,0.031,0.3,0.021,21.7,1.2,3.5,200,81.5
2019-10-06,16,4,0.036,0.013,0.3,0.004,18.7,,3.8,50,61.9
2019-10-07,15,6,0.018,0.031,0.3,0.005,18.3,1.4,2.5,50,79
2019-10-08,20,12,0.033,0.021,0.4,0.003,18.9,,2.4,290,59.1
2019-10-09,23,12,0.03,0.029,0.4,0.005,17.5,,2.2,200,51.1
2019-10-10,35,20,0.019,0.051,0.4,0.012,19.4,,1.6,180,57.4
2019-10-11,29,15,0.026,0.036,0.4,0.004,21.1,,2.4,50,60.3
2019-10-12,36,10,0.035,0.014,0.3,0.003,19.9,,4.9,50,57.4
2019-10-13,23,5,0.03,0.012,0.3,0.004,18,,3.9,50,57.5
2019-10-14,28,10,0.018,0.038,0.4,0.009,18.3,,2.3,20,63.1
2019-10-15,23,8,0.024,0.024,0.3,0.004,15.6,,3.5,50,69.5
2019-10-16,18,8,0.018,0.035,0.4,0.005,16.2,,2.3,50,63
2019-10-17,20,8,0.019,0.032,0.4,0.005,17.1,,3.1,50,65.6
2019-10-18,11,6,0.022,0.028,0.3,0.004,16.8,29.5,3.6,50,92.8
2019-10-19,13,6,0.025,0.024,0.3,0.006,19.1,,1.9,50,77.9
2019-10-20,16,7,0.024,0.024,0.4,0.007,18.7,,2,50,75.1
2019-10-21,19,7,0.022,0.031,0.3,0.004,18.6,,3.2,50,67.5
2019-10-22,21,7,0.027,0.028,0.3,0.004,19,0,3,50,68
2019-10-23,25,9,0.026,0.028,0.4,0.004,18,1.4,3.2,50,73.1
2019-10-24,17,9,0.024,0.026,0.4,0.003,18.4,0,3.5,50,76.6
2019-10-25,19,6,0.022,0.029,0.3,0.007,19.6,,2.1,320,74
2019-10-26,29,14,0.035,0.017,0.4,0.003,17.5,,2.9,340,52.3
2019-10-27,17,8,0.03,0.016,0.3,0.003,14,,2.5,340,41.9
2019-10-28,25,14,0.026,0.035,0.4,0.007,15.4,,3.2,270,55
2019-10-29,93,30,0.029,0.033,0.5,0.008,16.4,,3.1,250,57.1
2019-10-30,38,11,0.027,0.024,0.4,0.004,14.6,,2.9,320,47.1
2019-10-31,33,15,0.024,0.035,0.4,0.007,16.2,,3.3,270,50.8
2019-11-01,96,40,0.027,0.051,0.5,0.009,17.5,,2.4,50,56.1
2019-11-02,50,21,0.025,0.033,0.4,0.006,17.5,,2.1,50,67.1
2019-11-03,53,28,0.034,0.025,0.4,0.006,16.4,2.3,2.2,50,71.9
2019-11-04,20,8,0.016,0.03,0.3,0.004,14.3,,2.7,50,64.8
2019-11-05,28,15,0.017,0.039,0.4,0.005,15.2,,1.4,320,58.8
2019-11-06,39,23,0.022,0.045,0.4,0.007,15.8,,2.4,270,52.1
2019-11-07,38,21,0.028,0.034,0.5,0.006,14.4,,2.3,290,51.4
2019-11-08,40,23,0.025,0.037,0.5,0.005,13.8,,2.1,340,46.8
2019-11-09,35,20,0.022,0.039,0.4,0.007,14.3,,1.8,360,40.8
2019-11-10,27,16,0.02,0.036,0.4,0.013,14.3,1.7,2.8,200,58
2019-11-11,33,15,0.037,0.019,0.5,0.004,14.8,,4.5,270,57
2019-11-12,34,19,0.021,0.04,0.5,0.007,14.2,,2,340,53
2019-11-13,39,20,0.018,0.038,0.5,0.005,13.9,,4.2,270,58.4
2019-11-14,24,9,0.028,0.017,0.3,0.003,7.6,,3,340,33.3
2019-11-15,33,11,0.022,0.033,0.4,0.007,11.2,,3.9,250,47.1
2019-11-16,36,15,0.02,0.042,0.4,0.009,15.1,,3.3,270,65.8
2019-11-17,36,17,0.018,0.035,0.4,0.008,16.3,2,2.2,50,79.5
2019-11-18,38,12,0.034,0.014,0.4,0.004,13.2,6.8,4.9,290,61.8
2019-11-19,31,9,0.024,0.018,0.3,0.003,6.7,,2.1,320,46.8
2019-11-20,22,11,0.018,0.028,0.3,0.005,6.2,,2.4,340,38.3
2019-11-21,17,8,0.011,0.04,0.4,0.004,10.6,,2,50,49
2019-11-22,19,7,0.017,0.033,0.3,0.004,14.5,,3,50,64.3
2019-11-23,20,8,0.016,0.032,0.4,0.005,15.5,,2.3,50,67.6
2019-11-24,26,18,0.011,0.033,0.4,0.005,16,1,1.6,290,86.3
2019-11-25,16,9,0.024,0.019,0.4,0.004,11.6,,3.9,50,65
2019-11-26,15,4,0.018,0.03,0.3,0.004,11.4,,2.9,50,62.8
2019-11-27,24,15,0.011,0.036,0.4,0.004,10.1,,2,340,60.9
2019-11-28,13,6,0.017,0.026,0.4,0.003,9,0,3.4,50,69
2019-11-29,16,9,0.018,0.029,0.4,0.004,8.4,,2.5,340,40.4
2019-11-30,18,11,0.014,0.037,0.5,0.004,11.1,,2,320,58.8
2019-12-01,18,14,0.018,0.029,0.4,0.004,9.5,33.3,2.8,50,92.9
2019-12-02,16,10,0.03,0.014,0.4,0.004,6.6,2.5,3.1,270,53.8
2019-12-03,22,11,0.02,0.026,0.4,0.004,4.6,,2.5,270,52.1
2019-12-04,34,19,0.019,0.036,0.4,0.005,7.2,,2.7,270,50.5
2019-12-05,33,16,0.026,0.024,0.4,0.004,4.6,,2.2,360,39.3
2019-12-06,16,10,0.022,0.023,0.3,0.003,0.2,,3.7,340,25.8
2019-12-07,19,14,0.024,0.021,0.4,0.003,3.6,,2.4,360,40
2019-12-08,33,26,0.018,0.032,0.5,0.006,6.1,,1.9,320,43
2019-12-09,45,34,0.013,0.05,0.6,0.007,7.8,,2.7,270,45.4
2019-12-10,64,39,0.013,0.068,0.7,0.006,11.5,,3.1,250,64.3
2019-12-11,58,36,0.031,0.042,0.5,0.006,12.1,,5.1,250,57.5
2019-12-12,22,9,0.022,0.024,0.3,0.004,4.9,,2.5,340,30.6
2019-12-13,23,12,0.014,0.035,0.4,0.006,6.8,,3.7,270,37.9
2019-12-14,32,21,0.019,0.034,0.5,0.006,8.5,,3.3,20,44.6
2019-12-15,19,11,0.019,0.027,0.4,0.005,9.1,,2.7,50,60.6
2019-12-16,23,11,0.008,0.047,0.5,0.005,10.8,,1.1,110,66.6
2019-12-17,39,24,0.008,0.054,0.7,0.007,12.8,0,2.5,270,78.9
2019-12-18,29,20,0.024,0.026,0.4,0.004,10.4,,3.5,340,42.9
2019-12-19,25,16,0.03,0.019,0.3,0.004,6.6,,3.2,340,29.4
2019-12-20,24,20,0.022,0.026,0.4,0.004,5,,1.9,340,40
2019-12-21,37,29,0.012,0.039,0.5,0.004,4.3,,1.8,340,41.6
2019-12-22,40,33,0.014,0.038,0.5,0.004,6.5,,1.6,50,49.1
2019-12-23,42,34,0.02,0.041,0.5,0.005,8.2,,2.3,340,47.4
2019-12-24,46,37,0.014,0.042,0.6,0.005,7.7,,1.5,340,57.3
2019-12-25,33,25,0.012,0.044,0.5,0.005,10.7,,1.6,20,52.1
2019-12-26,29,20,0.016,0.038,0.5,0.004,7.8,1.7,3,20,59.8
2019-12-27,23,11,0.03,0.018,0.3,0.003,3.6,,3.2,290,35.4
2019-12-28,31,19,0.016,0.035,0.5,0.005,4.1,,2.1,200,34.1
2019-12-29,39,27,0.003,0.047,0.6,0.005,6.5,11.4,1.3,50,66.5
2019-12-30,24,19,0.014,0.033,0.5,0.004,9.6,1.4,2.2,290,81.5
2019-12-31,17,10,0.033,0.013,0.3,0.003,0.1,,3,360,28.3
2020-01-01,16,14,0.025,0.013,0.3,0.003,1.9,,2.3,340,44
2020-01-02,46,38,0.022,0.026,0.5,0.003,4.1,,2.8,320,53.1
2020-01-03,51,41,0.026,0.026,0.5,0.004,5.9,,3,250,43
2020-01-04,29,23,0.028,0.019,0.4,0.004,5.5,,2.9,340,34.8
2020-01-05,36,28,0.014,0.038,0.5,0.004,7.4,,1.3,340,51.1
2020-01-06,25,18,0.002,0.055,0.5,0.004,7.8,10.7,1.5,50,89.4
2020-01-07,18,10,0.021,0.033,0.4,0.004,14.4,26.3,6.1,230,96.6
2020-01-08,15,9,0.028,0.018,0.5,0.003,8.8,0,6.4,290,63.5
2020-01-09,27,21,0.029,0.02,0.4,0.003,5.3,,2.6,290,48
2020-01-10,35,26,0.015,0.04,0.5,0.003,5.9,,1.8,290,40.5
2020-01-11,38,32,0.026,0.029,0.5,0.003,5.9,,3.3,340,39.5
2020-01-12,33,29,0.032,0.011,0.4,0.002,4.6,,4.4,290,45.4
2020-01-13,18,14,0.022,0.023,0.3,0.002,3.5,,3.3,270,47.3
2020-01-14,28,23,0.017,0.028,0.4,0.003,2.1,,2.4,340,39.8
2020-01-15,31,28,0.02,0.029,0.4,0.003,2.4,,2.7,320,39.6
2020-01-16,27,20,0.011,0.037,0.4,0.003,3.8,,2.2,340,31.1
2020-01-17,28,20,0.01,0.042,0.4,0.003,6.4,,1.7,340,39.6
2020-01-18,23,18,0.019,0.026,0.4,0.003,5.3,2.6,3.2,340,60.9
2020-01-19,37,33,0.033,0.018,0.5,0.003,4.9,,3.9,250,40.9
2020-01-20,56,47,0.027,0.026,0.5,0.003,5.1,,2.7,270,45.6
2020-01-21,31,19,0.016,0.037,0.4,0.003,5,,2.2,20,47.5
2020-01-22,29,18,0.003,0.053,0.5,0.003,7.7,9.6,1.8,50,82.3
2020-01-23,14,12,0.01,0.035,0.5,0.003,8.8,4.9,2.6,50,97.1
2020-01-24,33,20,0.024,0.025,0.4,0.003,10.2,,2.4,50,64
2020-01-25,19,9,0.029,0.01,0.3,0.003,9.1,0,2.9,50,66
2020-01-26,11,4,0.023,0.013,0.3,0.003,9.5,0,3.9,50,64
2020-01-27,6,3,0.019,0.011,0.3,0.002,6.7,73.3,6,50,96
2020-01-28,11,4,0.021,0.025,0.3,0.003,8.9,0.3,3.8,20,69.6
2020-01-29,20,9,0.017,0.03,0.4,0.003,8.5,0,2.2,20,59.6
2020-01-30,20,9,0.018,0.031,0.4,0.003,7.1,0,2.3,50,55.3
2020-01-31,26,16,0.016,0.037,0.4,0.003,6.3,,2,340,51.8
2020-02-01,49,41,0.028,0.023,0.5,0.004,5.6,,2.4,360,50.1
2020-02-02,68,62,0.026,0.034,0.6,0.004,7.1,,2.1,250,49.9
2020-02-03,42,34,0.026,0.027,0.5,0.004,5.6,,2.2,340,42.8
2020-02-04,26,20,0.024,0.022,0.4,0.004,5.2,,3.9,340,34
2020-02-05,24,18,0.029,0.016,0.4,0.003,1.8,,3.6,360,26
2020-02-06,17,13,0.017,0.027,0.4,0.003,1.2,,3,340,36.4
2020-02-07,27,20,0.019,0.032,0.4,0.003,5,,2.4,340,41.5
2020-02-08,32,28,0.031,0.014,0.4,0.003,4.1,,2.9,340,41.3
2020-02-09,27,25,0.03,0.015,0.4,0.003,3.8,,3.8,340,38.6
2020-02-10,48,40,0.022,0.043,0.6,0.004,6.3,,2.2,250,47.4
2020-02-11,50,43,0.022,0.044,0.6,0.005,9.7,,1.7,230,59.6
2020-02-12,30,28,0.013,0.045,0.6,0.004,11.7,32.7,3,270,94.6
2020-02-13,19,12,0.021,0.034,0.5,0.004,11.4,,3.7,250,81.3
2020-02-14,44,32,0.013,0.052,0.6,0.005,12.3,,2.1,50,73.5
2020-02-15,27,19,0.035,0.03,0.4,0.004,12.8,,3.1,50,75.4
2020-02-16,12,8,0.03,0.014,0.4,0.003,7,4.1,4.6,290,65.5
2020-02-17,14,10,0.024,0.012,0.3,0.003,0.1,,6.8,290,42.3
2020-02-18,18,15,0.022,0.018,0.4,0.003,1.2,,2.8,290,36.8
2020-02-19,28,22,0.02,0.038,0.5,0.004,6.1,,2.5,340,38.4
2020-02-20,39,30,0.013,0.054,0.5,0.005,9.3,,1.5,90,45.9
2020-02-21,35,24,0.02,0.047,0.5,0.004,11,4.1,1.8,50,63.3
2020-02-22,52,23,0.037,0.017,0.4,0.003,9.5,0.7,5.9,270,44
2020-02-23,19,13,0.025,0.017,0.3,0.003,6,,3.8,270,40.5
2020-02-24,23,13,0.02,0.041,0.4,0.005,10.8,0,4.3,230,46.9
2020-02-25,8,7,0.014,0.039,0.4,0.003,9.7,49.8,3.1,50,94.3
2020-02-26,16,9,0.025,0.029,0.4,0.003,9.5,1.8,3,50,79.3
2020-02-27,15,7,0.018,0.029,0.3,0.003,6.8,1.5,3,50,66.4
2020-02-28,17,11,0.008,0.045,0.4,0.004,6.9,0.2,1.7,50,70
2020-02-29,16,9,0.014,0.034,0.4,0.004,9.5,,2,50,72.9
2020-03-01,20,13,0.028,0.024,0.4,0.004,10.8,,2.4,50,67.3
2020-03-02,25,20,0.029,0.022,0.4,0.004,8.5,,3.3,270,50.9
2020-03-03,16,9,0.018,0.033,0.4,0.004,8.7,,2.9,50,63.9
2020-03-04,23,14,0.025,0.024,0.4,0.003,7.9,,3.6,270,43.1
2020-03-05,32,32,0.024,0.028,0.5,0.004,5.1,,3.6,270,42.3
2020-03-06,32,27,0.02,0.041,0.5,0.004,8.1,,3,200,46.4
2020-03-07,24,21,0.015,0.044,0.5,0.003,8.2,7,1.7,50,75.6
2020-03-08,23,18,0.029,0.021,0.4,0.003,10.4,,2.8,50,67.3
2020-03-09,21,14,0.017,0.036,0.4,0.004,11,11,2.2,50,79.5
2020-03-10,12,12,0.028,0.022,0.4,0.003,9.9,13.9,,,83.6
2020-03-11,25,15,0.028,0.018,0.4,0.003,7.8,,3.3,270,37
2020-03-12,31,11,0.022,0.03,0.4,0.005,9.5,,4.1,180,39.5
2020-03-13,40,21,0.029,0.034,0.4,0.004,11.6,,3.3,250,48.5
2020-03-14,20,7,0.033,0.012,0.3,0.003,8.2,,3.1,270,21
2020-03-15,32,15,0.028,0.009,0.4,0.003,7.7,0,5.3,250,39.6
2020-03-16,23,12,0.037,0.016,0.3,0.004,6.6,,4.7,320,43
2020-03-17,31,14,0.04,0.023,0.4,0.005,11.1,,6,250,48.1
2020-03-18,49,28,0.038,0.035,0.4,0.005,12.2,,3.7,230,50
2020-03-19,56,20,0.043,0.02,0.4,0.004,12.6,,6.7,250,55.1
2020-03-20,47,8,0.03,0.022,0.4,0.004,10.4,,5.1,250,38.8
2020-03-21,38,11,0.037,0.023,0.3,0.005,13.7,,6.6,250,64.3
2020-03-22,38,17,0.037,0.016,0.4,0.003,14.1,,4.4,70,67.5
2020-03-23,41,17,0.03,0.031,0.4,0.005,12.6,,3.6,50,46
2020-03-24,30,17,0.027,0.035,0.4,0.005,11.5,,3,90,52.3
2020-03-25,28,17,0.021,0.044,0.4,0.005,13,,1.6,180,57.1
2020-03-26,33,23,0.008,0.051,0.5,0.005,14.5,24.6,1.6,50,83.1
2020-03-27,26,17,0.015,0.032,0.4,0.004,13.7,1.9,2.8,230,97.6
2020-03-28,28,11,0.027,0.018,0.4,0.004,9.4,0.4,3.1,50,69.6
2020-03-29,23,6,0.036,0.013,0.3,0.004,10.4,,3.6,50,58.1
2020-03-30,24,8,0.026,0.03,0.3,0.005,11.6,,2.8,50,62.9
2020-03-31,23,10,0.021,0.03,0.4,0.004,12.9,,2.8,50,65.1
2020-04-01,29,18,0.027,0.038,0.4,0.005,12.5,2.7,2.7,50,60.1
2020-04-02,27,17,0.033,0.029,0.4,0.005,11.5,,3.5,180,42.8
2020-04-03,34,23,0.033,0.037,0.4,0.006,13.8,,3.8,200,38.6
2020-04-04,43,24,0.049,0.017,0.4,0.005,12.8,,4,50,43.3
2020-04-05,28,11,0.039,0.017,0.3,0.005,9.7,,3.4,320,43.4
2020-04-06,35,18,0.039,0.031,0.4,0.005,11.7,,3.8,200,47.3
2020-04-07,70,34,0.057,0.029,0.5,0.006,14.5,,3.4,290,39.6
2020-04-08,50,26,0.052,0.02,0.4,0.005,13.3,,3.6,270,44.9
2020-04-09,35,20,0.04,0.022,0.4,0.004,11.8,,3.2,50,47.8
2020-04-10,19,10,0.024,0.031,0.4,0.004,10,0,2.6,50,54.8
2020-04-11,20,13,0.026,0.031,0.4,0.004,10.5,2.9,2.1,250,68.1
2020-04-12,16,11,0.043,0.013,0.3,0.003,9,12,4,50,79.4
2020-04-13,18,10,0.033,0.023,0.3,0.003,10.1,0,3.5,50,43.3
2020-04-14,29,15,0.032,0.036,0.4,0.005,15.1,,3.9,230,32.9
2020-04-15,41,25,0.026,0.043,0.5,0.006,14.5,,3.1,270,44.6
2020-04-16,38,18,0.033,0.025,0.3,0.004,12.9,,3.5,50,65.5
2020-04-17,22,13,0.019,0.038,0.4,0.003,12.2,32.6,2.3,50,88.6
2020-04-18,35,19,0.039,0.024,0.4,0.003,13.9,,2.6,180,73.4
2020-04-19,17,9,0.042,0.016,0.3,0.003,11.8,33.2,3.2,70,84.5
2020-04-20,18,10,0.045,0.02,0.4,0.003,14,0.1,4.5,270,68.5
2020-04-21,35,11,0.042,0.014,0.3,0.004,12.2,,5.6,270,31.8
2020-04-22,43,9,0.042,0.012,0.3,0.003,9.3,,5.3,270,33.1
2020-04-23,43,13,0.041,0.014,0.3,0.003,10.3,,3.6,250,36.9
2020-04-24,36,11,0.045,0.016,0.3,0.004,11.1,,5.1,200,39.1
2020-04-25,53,20,0.064,0.023,0.4,0.005,14.8,,6.5,230,60.9
2020-04-26,43,24,0.055,0.016,0.4,0.004,14.2,,3.2,70,53
2020-04-27,32,17,0.04,0.027,0.4,0.005,13.7,,3,230,52.5
2020-04-28,33,15,0.039,0.028,0.4,0.005,14.3,,3.8,270,51
2020-04-29,42,22,0.045,0.037,0.4,0.006,16.2,,3.4,290,42.5
2020-04-30,28,12,0.05,0.02,0.3,0.005,16.9,,6.1,200,64.9
2020-05-01,37,21,0.039,0.018,0.4,0.004,19.5,,5.8,250,77
2020-05-02,31,22,0.027,0.022,0.4,0.005,18.7,1.1,4.2,250,83.1
2020-05-03,26,20,0.024,0.021,0.4,0.005,16.8,21.3,2.3,50,95.3
2020-05-04,31,22,0.02,0.03,0.4,0.005,19,,2.7,70,84.8
2020-05-05,23,13,0.023,0.024,0.4,0.005,15.9,,2.6,90,79.8
2020-05-06,30,12,0.027,0.025,0.4,0.005,17.9,,3,70,65.3
2020-05-07,16,7,0.034,0.024,0.3,0.006,16.5,,3.6,70,50.4
2020-05-08,24,12,0.029,0.031,0.3,0.006,17.4,,3,50,65.8
2020-05-09,18,11,0.021,0.031,0.4,0.005,16.4,50.8,3.6,200,91.8
2020-05-10,18,11,0.039,0.019,0.4,0.005,17.6,,5.1,250,76.4
2020-05-11,48,21,0.048,0.026,0.5,0.006,18.8,,3.8,200,63.6
2020-05-12,50,23,0.048,0.025,0.4,0.006,18.2,,5.9,230,58.3
2020-05-13,33,12,0.04,0.023,0.4,0.005,17.9,,3.6,230,46.3
2020-05-14,81,18,0.024,0.048,0.4,0.009,20.1,,2.8,200,38.4
2020-05-15,28,17,0.022,0.04,0.4,0.005,16.3,14.8,2.2,50,86.6
2020-05-16,36,28,0.026,0.029,0.5,0.005,18.2,0.6,1.9,70,91.4
2020-05-17,19,16,0.031,0.029,0.4,0.006,18.2,,2.5,180,86
2020-05-18,29,21,0.024,0.04,0.4,0.005,17.3,4.5,2,70,93.6
2020-05-19,27,11,0.039,0.017,0.4,0.004,15.6,2.1,4.7,250,70.8
2020-05-20,15,6,0.022,0.024,0.3,0.005,15.2,,2.5,70,67.8
2020-05-21,30,12,0.022,0.027,0.3,0.005,14.9,,2.6,90,72.1
2020-05-22,17,9,0.023,0.024,0.3,0.006,15.4,,3,50,74.1
2020-05-23,18,11,0.025,0.026,0.3,0.007,16.8,,2.5,50,77.1
2020-05-24,23,18,0.022,0.026,0.4,0.007,19.1,,3.7,200,74.5
2020-05-25,38,31,0.02,0.041,0.5,0.009,19.4,,2.8,180,80.8
2020-05-26,50,36,0.019,0.048,0.5,0.009,19,,2.7,180,73.1
2020-05-27,32,22,0.04,0.033,0.4,0.006,19.4,,2.4,110,60.8
2020-05-28,42,26,0.033,0.044,0.5,0.006,19.2,,2.7,180,67.6
2020-05-29,36,25,0.034,0.047,0.5,0.007,19.7,,2,90,61.5
2020-05-30,29,21,0.045,0.035,0.5,0.01,20.2,,1.9,90,54.4
2020-05-31,23,19,0.033,0.032,0.4,0.006,19.6,1,1.7,90,78.5
2020-06-01,33,23,0.033,0.034,0.5,0.006,22,,3.6,200,66.9
2020-06-02,21,10,0.034,0.029,0.4,0.005,21.1,,3.7,180,50.8
2020-06-03,28,17,0.033,0.029,0.4,0.005,21.3,,4.6,200,81.3
2020-06-04,37,25,0.035,0.033,0.4,0.006,22.9,,4.3,180,78.1
2020-06-05,57,30,0.026,0.052,0.5,0.008,22,,2.2,180,79.6
2020-06-06,60,28,0.044,0.03,0.5,0.006,21,,2.7,70,69.3
2020-06-07,12,4,0.035,0.029,0.3,0.005,21.5,,2.5,50,49.5
2020-06-08,19,7,0.013,0.065,0.4,0.007,23.3,,1.6,230,40.9
2020-06-09,44,24,0.016,0.092,0.5,0.009,24,,1.8,200,49.9
2020-06-10,35,21,0.02,0.062,0.4,0.007,24.7,,2.4,70,68.4
2020-06-11,25,17,0.02,0.043,0.4,0.006,22.6,10.5,2.9,200,93.4
2020-06-12,26,16,0.014,0.043,0.4,0.007,22.6,2.3,3,180,89.6
2020-06-13,15,12,0.018,0.043,0.4,0.006,22,91,2.3,180,95.5
2020-06-14,13,8,0.024,0.022,0.3,0.005,23.3,16.4,5.1,250,89.4
2020-06-15,31,16,0.036,0.037,0.4,0.006,23.8,,3,180,63
2020-06-16,25,9,0.037,0.028,0.4,0.003,23.9,,2.7,50,49.4
2020-06-17,22,10,0.017,0.038,0.4,0.007,22.3,0,1.9,90,63.4
2020-06-18,12,8,0.031,0.035,0.4,0.003,18.3,40.2,2.6,50,93.9
2020-06-19,25,12,0.035,0.028,0.4,0.003,21.8,0.8,3,70,75.5
2020-06-20,19,7,0.029,0.017,0.3,0.003,21.2,,2.5,50,73.4
2020-06-21,18,5,0.03,0.013,0.3,0.004,21.2,,2.7,90,73.1
2020-06-22,26,14,0.015,0.038,0.4,0.008,22.8,,1.8,180,69.5
2020-06-23,22,13,0.018,0.035,0.4,0.005,23.8,,1.9,50,70.9
2020-06-24,22,12,0.017,0.033,0.3,0.005,22.6,19.5,2.3,70,80.8
2020-06-25,21,14,0.017,0.04,0.5,0.006,22,35.3,3.1,200,96.4
2020-06-26,22,10,0.032,0.025,0.4,0.005,23.3,,3.8,250,76.9
2020-06-27,30,17,0.019,0.045,0.5,0.009,23.2,,2,200,75.9
2020-06-28,41,28,0.038,0.04,0.5,0.008,24.9,,2.1,90,70.1
2020-06-29,30,19,0.028,0.034,0.4,0.004,21.6,99.2,2.7,90,90.9
2020-06-30,25,7,0.037,0.019,0.4,0.004,22,5.9,7.9,230,77.4
2020-07-01,17,8,0.021,0.033,0.3,0.005,20.8,0,3.3,180,81.1
2020-07-02,27,16,0.014,0.038,0.4,0.007,21.7,,2,90,72.5
2020-07-03,13,7,0.02,0.023,0.3,0.004,20.6,7.8,2.8,50,81.6
2020-07-04,14,6,0.02,0.019,0.3,0.005,20.4,0,2.1,50,79.9
2020-07-05,20,13,0.022,0.021,0.4,0.007,22.2,,2.2,180,79.6
2020-07-06,22,15,0.009,0.023,0.4,0.007,22.7,0.8,1.7,70,90.6
2020-07-07,18,10,0.025,0.02,0.4,0.005,22.7,0.6,4.4,200,88
2020-07-08,36,25,0.029,0.038,0.4,0.005,23.5,,2.5,180,82
2020-07-09,29,20,0.035,0.03,0.4,0.003,22.2,2.1,2.1,90,87.6
2020-07-10,11,7,0.016,0.027,0.3,0.003,22.2,208.7,2.4,50,96.5
2020-07-11,29,16,0.018,0.024,0.3,0.005,21.6,,2.6,70,89.4
2020-07-12,10,6,0.028,0.009,0.3,0.002,20.1,37.5,2.7,70,91.3
2020-07-13,4,2,0.021,0.025,0.3,0.002,18.9,100.9,2.7,70,97
2020-07-14,10,5,0.01,0.026,0.4,0.003,19.3,5.2,1.5,50,93
2020-07-15,19,7,0.012,0.023,0.3,0.004,19.6,0,2,50,83.3
2020-07-16,22,7,0.015,0.021,0.3,0.004,21.3,,2.3,50,76
2020-07-17,18,7,0.018,0.019,0.3,0.003,21.8,,2.6,50,75
2020-07-18,17,7,0.017,0.017,0.3,0.004,22.2,,2.3,90,78.6
2020-07-19,22,10,0.014,0.017,0.3,0.004,23.2,0.5,3.1,50,91.6
2020-07-20,24,7,0.011,0.017,0.2,0.005,24.9,1.1,7.1,230,89.8
2020-07-21,24,12,0.023,0.032,0.4,0.006,24.9,3.4,2.8,180,84.6
2020-07-22,16,9,0.017,0.04,0.3,0.004,22.5,105.3,1.3,70,95.6
2020-07-23,13,8,0.012,0.035,0.3,0.004,21.8,176.2,2.5,70,97.3
2020-07-24,20,4,0.029,0.017,0.3,0.004,21.6,2.3,5.6,200,88.5
2020-07-25,25,8,0.022,0.021,0.3,0.005,21.3,1.5,3.6,180,90.8
2020-07-26,22,9,0.023,0.026,0.3,0.006,23.9,,3,200,80.6
2020-07-27,24,16,0.011,0.035,0.4,0.005,22.6,32.1,1.8,70,94.4
2020-07-28,16,10,0.005,0.038,0.4,0.005,21.9,46.5,1.5,50,96.6
2020-07-29,22,15,0.005,0.037,0.4,0.007,23.2,14.3,1.2,50,96.5
2020-07-30,21,14,0.009,0.034,0.3,0.006,24,50,2.8,180,91.5
2020-07-31,26,14,0.012,0.033,0.4,0.007,26.1,,2.5,230,84
2020-08-01,24,12,0.01,0.019,0.3,0.009,26.9,,3.7,200,81.4
2020-08-02,43,30,0.007,0.013,0.2,0.008,26.8,,4.4,230,83.6
2020-08-03,46,31,0.008,0.013,0.2,0.008,26.9,,5.3,230,82.1
2020-08-04,66,47,0.008,0.014,0.2,0.01,27,,5,230,85
2020-08-05,34,21,0.013,0.012,0.2,0.007,26.6,,5.1,200,91.1
2020-08-06,44,27,0.012,0.012,0.2,0.007,26.1,6.3,7.2,200,88.4
2020-08-07,51,31,0.01,0.019,0.2,0.006,25.6,107,4.2,230,90.4
2020-08-08,17,7,0.011,0.014,0.2,0.006,24.9,163.1,5.8,230,94.3
2020-08-09,18,5,0.01,0.008,0.2,0.006,25.8,15.1,7.1,230,90
2020-08-10,15,4,0.012,0.01,0.2,0.004,25.6,12.5,5.1,230,91.4
2020-08-11,26,9,0.012,0.018,0.2,0.006,26.2,10.5,5.2,230,90.6
2020-08-12,25,10,0.008,0.021,0.3,0.007,25.9,36.6,3.5,230,92.9
2020-08-13,29,10,0.015,0.021,0.2,0.006,27.6,,4.7,230,83.9
2020-08-14,29,13,0.02,0.021,0.2,0.006,27.9,,5.7,200,81.6
2020-08-15,30,17,0.025,0.02,0.3,0.007,28.1,,4,180,80.4
2020-08-16,20,15,0.014,0.018,0.3,0.008,28.2,,4.5,230,78
2020-08-17,32,25,0.028,0.022,0.3,0.008,28.4,,2.5,180,78
2020-08-18,50,37,0.029,0.042,0.4,0.009,28.7,,2.4,180,74.4
2020-08-19,57,43,0.034,0.039,0.4,0.007,29.1,,3.4,320,74.8
2020-08-20,66,54,0.035,0.053,0.4,0.009,29.4,,2.3,70,66.9
2020-08-21,47,32,0.02,0.03,0.3,0.008,26.7,,2.6,70,76.4
2020-08-22,26,16,0.028,0.014,0.3,0.005,27,,2.6,50,73.5
2020-08-23,23,19,0.037,0.018,0.3,0.007,27.1,,2.2,180,77
2020-08-24,33,26,0.014,0.037,0.3,0.007,28,,1.9,180,78
2020-08-25,44,31,0.021,0.034,0.4,0.005,29.3,,2.1,90,78
2020-08-26,26,11,0.025,0.014,0.3,0.003,28.7,0,4,90,79
2020-08-27,24,12,0.027,0.023,0.3,0.004,26.2,27.4,4.3,200,89.4
2020-08-28,17,10,0.016,0.023,0.2,0.006,26.9,17.6,3,180,86.8
2020-08-29,15,10,0.015,0.018,0.2,0.005,27.5,3.1,3.1,200,83.8
2020-08-30,33,22,0.032,0.023,0.3,0.007,28.5,,2.4,70,77.6
2020-08-31,23,10,0.024,0.016,0.3,0.003,26.2,0,3.5,70,74.5
2020-09-01,24,11,0.022,0.02,0.3,0.004,26.4,0,3.1,50,78.1
2020-09-02,18,8,0.028,0.007,0.2,0.002,26.8,29.5,4.8,70,84.8
2020-09-03,32,18,0.031,0.024,0.3,0.003,25.9,28.9,8.9,200,73.6
2020-09-04,48,31,0.041,0.042,0.5,0.005,24.4,,3.7,180,69.1
2020-09-05,30,22,0.024,0.038,0.4,0.003,19.9,36.3,2.4,50,87.6
2020-09-06,12,11,0.038,0.012,0.4,0.002,20.9,7.4,4.5,70,88.6
2020-09-07,10,7,0.03,0.015,0.3,0.003,22.9,113.6,9,70,82.3
2020-09-08,57,39,0.051,0.034,0.4,0.003,24.3,,5.9,200,79
2020-09-09,54,36,0.041,0.043,0.4,0.004,24,0,3.8,230,82.9
2020-09-10,40,26,0.025,0.038,0.4,0.004,24,0,2.9,180,79.9
2020-09-11,47,28,0.024,0.031,0.4,0.004,22.8,2.7,2.8,50,82.9
2020-09-12,11,8,0.039,0.013,0.3,0.003,21.7,1.5,3.8,50,77.9
2020-09-13,15,7,0.02,0.016,0.3,0.003,20.2,0,2.4,50,78.1
2020-09-14,23,12,0.022,0.029,0.3,0.003,21.9,,2.4,180,78.4
2020-09-15,32,19,0.024,0.034,0.4,0.005,23.3,,2.2,70,76
2020-09-16,20,13,0.02,0.031,0.3,0.004,22.6,1.2,2,50,85.9
2020-09-17,21,18,0.015,0.031,0.4,0.003,21,7.2,2.3,320,89.1
2020-09-18,25,17,0.02,0.029,0.4,0.004,19.5,2.2,2.4,250,79.1
2020-09-19,26,13,0.028,0.027,0.4,0.004,21.6,,3.2,320,54.1
2020-09-20,16,9,0.041,0.013,0.3,0.003,21.5,,2.6,320,50.4
2020-09-21,29,11,0.021,0.027,0.4,0.005,20,,2.4,70,61.4
2020-09-22,20,6,0.02,0.019,0.3,0.004,19.5,,3.7,70,66.1
2020-09-23,23,6,0.022,0.021,0.4,0.004,20.2,,3.8,70,71.6
2020-09-24,25,7,0.024,0.021,0.3,0.003,21.2,0,3.6,70,68
2020-09-25,23,10,0.024,0.019,0.3,0.003,21.3,,3.7,70,65.3
2020-09-26,21,10,0.029,0.016,0.3,0.003,20.5,,2.9,50,62.3
2020-09-27,22,12,0.032,0.013,0.3,0.003,20,,3.2,70,69.6
2020-09-28,27,10,0.018,0.028,0.3,0.004,19.4,,2.9,50,67.8
2020-09-29,23,9,0.018,0.03,0.4,0.003,20.1,,2.4,50,63.9
2020-09-30,19,9,0.026,0.02,0.4,0.004,20.3,,2.5,50,67.1
2020-10-01,13,6,0.034,0.008,0.3,0.003,20,,2.4,50,72.3
2020-10-02,18,11,0.029,0.016,0.4,0.003,21.1,,2.6,180,73.1
2020-10-03,27,22,0.038,0.026,0.5,0.005,22.1,,2.3,180,73.8
2020-10-04,20,17,0.043,0.017,0.4,0.004,21.5,0,3.1,250,63.6
2020-10-05,25,9,0.034,0.013,0.3,0.003,17.2,,3.6,320,39.5
2020-10-06,26,10,0.023,0.025,0.4,0.004,17.5,,2.6,50,54.9
2020-10-07,23,8,0.025,0.019,0.4,0.004,19.1,,3.8,70,58.4
2020-10-08,24,6,0.032,0.016,0.3,0.003,18.7,,5.4,70,55.8
2020-10-09,29,9,0.042,0.012,0.3,0.003,19.1,,5.1,70,56.1
2020-10-10,23,10,0.038,0.016,0.3,0.003,18,,3.7,70,65.3
2020-10-11,23,13,0.031,0.019,0.4,0.003,17.7,,2.8,50,67.1
2020-10-12,32,19,0.025,0.036,0.4,0.003,18.9,,2,90,63.9
2020-10-13,33,20,0.024,0.035,0.4,0.003,17.8,,2.4,320,48.4
2020-10-14,29,15,0.027,0.029,0.4,0.003,16.9,,2.2,50,42.5
2020-10-15,33,16,0.026,0.031,0.4,0.004,17.2,,2.6,50,52.6
2020-10-16,25,11,0.015,0.032,0.4,0.003,16.3,0.2,2.4,50,70.1
2020-10-17,29,18,0.03,0.027,0.4,0.003,17,,2.4,320,58
2020-10-18,28,21,0.04,0.025,0.5,0.003,17.2,,1.5,320,57.1
2020-10-19,33,17,0.03,0.033,0.4,0.003,17.5,,2.5,50,51.3
2020-10-20,40,19,0.024,0.037,0.4,0.003,17.7,,2.2,50,61.8
2020-10-21,32,18,0.017,0.04,0.4,0.003,17.3,10.4,1.6,50,72.5
2020-10-22,27,19,0.019,0.027,0.4,0.002,15.3,15.8,2,320,83.3
2020-10-23,31,12,0.031,0.016,0.3,0.003,12.7,,3.4,320,44
2020-10-24,17,8,0.033,0.012,0.3,0.003,12,,3.2,270,40.5
2020-10-25,20,13,0.038,0.015,0.3,0.003,14.6,,3,320,49.8
2020-10-26,31,20,0.021,0.046,0.4,0.004,15.9,,1.9,180,48.5
2020-10-27,48,32,0.02,0.056,0.5,0.004,16.7,,1.7,160,53.8
2020-10-28,83,54,0.026,0.056,0.6,0.004,17.3,0,2.8,320,49.1
2020-10-29,41,23,0.021,0.034,0.4,0.004,15.4,,2.4,50,51
2020-10-30,26,11,0.022,0.024,0.4,0.004,15,,3.3,50,57.3
2020-10-31,16,9,0.022,0.023,0.4,0.003,15,,2.5,70,57.4
2020-11-01,17,12,0.018,0.024,0.4,0.004,15.7,0,2.2,270,61.3
2020-11-02,40,20,0.019,0.026,0.4,0.003,13.9,3.7,2.1,320,61.1
2020-11-03,30,14,0.021,0.019,0.3,0.003,9.7,,3,290,36
2020-11-04,20,13,0.024,0.018,0.3,0.004,8.7,,2.7,290,32.1
2020-11-05,31,19,0.01,0.042,0.4,0.005,12,,2,200,35.6
2020-11-06,36,23,0.009,0.05,0.5,0.005,17.2,,2.1,250,53.6
2020-11-07,34,21,0.028,0.026,0.4,0.004,17.6,,3,250,55.4
2020-11-08,63,22,0.041,0.011,0.4,0.004,14.1,,2.8,320,29
2020-11-09,23,11,0.023,0.017,0.3,0.004,9.2,,3,320,26.4
2020-11-10,30,19,0.016,0.033,0.4,0.004,11,,2.4,320,44.1
2020-11-11,33,21,0.009,0.04,0.4,0.005,12.5,,2,50,46
2020-11-12,25,16,0.01,0.044,0.4,0.004,14.3,,1.2,110,62.5
2020-11-13,37,25,0.014,0.047,0.4,0.004,15.6,,2.4,50,49
2020-11-14,35,19,0.027,0.024,0.4,0.003,15.2,,3,50,62
2020-11-15,17,10,0.021,0.023,0.4,0.003,15.5,,2.4,250,61
2020-11-16,43,29,0.024,0.039,0.5,0.004,16.4,,2.7,50,57.5
2020-11-17,47,31,0.021,0.04,0.5,0.004,17.8,,2.3,50,71.5
2020-11-18,41,31,0.009,0.041,0.5,0.004,19.4,,1.8,200,79.4
2020-11-19,20,11,0.024,0.016,0.4,0.003,19.1,31.8,7,200,84.5
2020-11-20,18,12,0.028,0.014,0.4,0.002,12.2,,4.4,270,56.3
2020-11-21,20,13,0.016,0.021,0.3,0.003,10.7,,3,50,62.9
2020-11-22,15,9,0.021,0.013,0.4,0.003,10.8,0.8,2.3,320,73.1
2020-11-23,19,16,0.024,0.016,0.3,0.003,7.9,,4,320,43.9
2020-11-24,27,20,0.012,0.035,0.4,0.004,9.6,,1.5,320,41.9
2020-11-25,29,21,0.018,0.024,0.4,0.003,10.4,,3.2,320,41.8
2020-11-26,40,33,0.014,0.03,0.4,0.004,10.3,,2.6,320,52.4
2020-11-27,33,23,0.022,0.02,0.4,0.003,9.8,,3.6,270,52.8
2020-11-28,23,17,0.026,0.011,0.3,0.003,5.1,,2.9,140,37.4
2020-11-29,15,14,0.029,0.008,0.3,0.003,4.9,,3.3,320,45.4
2020-11-30,18,15,0.026,0.017,0.3,0.004,5.4,,2.7,320,38.9
2020-12-01,30,23,0.015,0.029,0.4,0.004,6.7,,2.7,320,44.4
2020-12-02,30,21,0.012,0.031,0.4,0.004,7.9,,2.5,320,41.1
2020-12-03,25,20,0.026,0.017,0.4,0.004,6.3,,2.8,290,35
2020-12-04,22,17,0.023,0.019,0.3,0.004,4.3,,3.7,320,31.3
2020-12-05,22,16,0.024,0.02,0.4,0.004,5.7,,2.9,320,43.4
2020-12-06,27,20,0.027,0.015,0.4,0.004,7.4,,2.9,320,47.6
2020-12-07,45,32,0.014,0.038,0.5,0.005,7.5,,2.2,320,50
2020-12-08,35,26,0.026,0.019,0.4,0.004,4.3,,2.8,320,42.6
2020-12-09,31,20,0.011,0.039,0.5,0.005,6.3,,2.3,290,28.9
2020-12-10,38,25,0.004,0.045,0.5,0.004,7.5,,2.6,320,37.5
2020-12-11,42,29,0.017,0.038,0.5,0.003,9.4,,2.2,270,52.1
2020-12-12,51,36,0.027,0.022,0.5,0.004,7.5,,2.6,320,37.9
2020-12-13,45,27,0.029,0.021,0.4,0.004,6.4,,3.3,230,39.6
2020-12-14,18,10,0.025,0.011,0.3,0.004,-1.1,,3.4,290,24
2020-12-15,20,12,0.022,0.015,0.3,0.004,-2.7,,2.5,290,31
2020-12-16,23,16,0.024,0.015,0.4,0.004,-2.1,,2.8,270,38.4
2020-12-17,21,13,0.024,0.016,0.3,0.004,-0.5,,2.8,270,36.3
2020-12-18,33,24,0.019,0.027,0.5,0.004,3,,3.3,250,46.4
2020-12-19,26,13,0.029,0.011,0.3,0.003,0.7,,4.3,290,24
2020-12-20,20,15,0.032,0.01,0.4,0.003,1.9,,2.7,140,36
2020-12-21,36,27,0.021,0.025,0.5,0.004,2.5,,3.2,270,45.9
2020-12-22,43,31,0.02,0.035,0.5,0.004,4.5,,3,230,51.5
2020-12-23,63,47,0.023,0.039,0.6,0.005,6.1,,2.8,250,56.1
2020-12-24,48,30,0.035,0.022,0.4,0.003,8.4,,3.5,290,41.3
2020-12-25,24,15,0.027,0.017,0.3,0.003,3.5,,2.9,270,38.4
2020-12-26,31,18,0.019,0.029,0.5,0.004,5.6,,2.5,230,43.3
2020-12-27,35,21,0.016,0.029,0.5,0.003,6.9,2.4,1.6,50,60.3
2020-12-28,39,22,0.01,0.043,0.5,0.003,8.6,,1.6,320,67.1
2020-12-29,45,26,0.01,0.046,0.6,0.004,8.2,6.6,2.5,320,72
2020-12-30,17,9,0.028,0.01,0.3,0.003,-3.2,1.2,5,270,45.6
2020-12-31,12,6,0.026,0.013,0.3,0.003,-2.9,,4.1,270,41.6
2021-01-01,18,11,0.023,0.015,0.4,0.004,0.3,,2.6,250,51.8
2021-01-02,30,16,0.025,0.016,0.4,0.004,1.3,,2.5,250,41.4
2021-01-03,24,12,0.031,0.009,0.4,0.004,0.1,,2.4,270,31
2021-01-04,41,25,0.016,0.042,0.6,0.005,3,,2.2,320,40.9
2021-01-05,39,26,0.019,0.039,0.5,0.004,3,,2.5,250,38.6
2021-01-06,16,8,0.028,0.018,0.3,0.004,-1.7,,4.3,250,37.6
2021-01-07,22,10,0.028,0.013,0.4,0.004,-6.1,0,4.9,270,33.8
2021-01-08,15,8,0.025,0.016,0.4,0.005,-8.2,,3.2,270,35
2021-01-09,15,9,0.028,0.013,0.3,0.005,-5.9,,3.1,290,38.6
2021-01-10,15,10,0.029,0.011,0.4,0.005,-2.3,,2.3,270,45.4
2021-01-11,28,18,0.014,0.036,0.5,0.004,0.2,,2.5,270,50
2021-01-12,29,20,0.019,0.028,0.4,0.005,1.4,,2.8,250,46.8
2021-01-13,98,31,0.024,0.045,0.6,0.005,7.1,,5.2,250,52.9
2021-01-14,75,27,0.011,0.062,0.6,0.004,8.9,,2.1,50,53.4
2021-01-15,52,18,0.022,0.046,0.5,0.004,11.9,,4.1,250,65.1
2021-01-16,70,31,0.035,0.014,0.4,0.003,5.7,,3.1,290,34.6
2021-01-17,18,8,0.032,0.012,0.3,0.003,-0.5,,3.1,290,28.6
2021-01-18,41,23,0.028,0.024,0.5,0.004,1.1,0,4.5,270,52.1
2021-01-19,25,12,0.025,0.032,0.4,0.005,0.2,,2.3,50,37.3
2021-01-20,29,15,0.011,0.052,0.6,0.005,5.4,,0.9,110,60.5
2021-01-21,32,17,0.011,0.056,0.5,0.004,8.9,2,1.9,290,69.5
2021-01-22,31,21,0.009,0.047,0.6,0.004,10.1,3.1,1.4,50,93.4
2021-01-23,20,9,0.04,0.016,0.4,0.003,10.4,3.3,4.9,50,76.8
2021-01-24,18,8,0.045,0.014,0.4,0.003,9.2,0,3.8,50,63
2021-01-25,22,5,0.031,0.026,0.4,0.003,9.3,,3.7,50,64.1
2021-01-26,11,5,0.023,0.027,0.4,0.003,7.7,17.4,2.8,50,83
2021-01-27,30,14,0.026,0.034,0.5,0.003,7.4,,,,49.1
2021-01-28,39,15,0.028,0.029,0.5,0.003,4.4,,4,270,46.1
2021-01-29,24,8,0.036,0.014,0.3,0.003,-2.6,,4.3,290,30.5
2021-01-30,66,21,0.031,0.024,0.5,0.004,3.1,,5.7,250,47
2021-01-31,54,26,0.026,0.032,0.5,0.003,8.7,,2.3,320,46.4
2021-02-01,42,23,0.034,0.023,0.5,0.004,10,22.9,5.5,250,82.8
2021-02-02,43,24,0.037,0.015,0.4,0.003,2.3,,3.2,270,31.4
2021-02-03,23,14,0.029,0.022,0.4,0.003,0.7,,3.2,270,42.8
2021-02-04,31,16,0.034,0.021,0.4,0.003,5.1,,3.7,270,37.5
2021-02-05,20,8,0.026,0.03,0.4,0.003,5.3,,3.7,250,33
2021-02-06,41,21,0.026,0.04,0.6,0.004,9.5,,3.9,250,54.3
2021-02-07,65,38,0.047,0.02,0.5,0.003,10.1,,2.8,270,53.1
2021-02-08,23,12,0.039,0.015,0.4,0.003,3.2,,3.4,320,21.9
2021-02-09,18,9,0.029,0.019,0.4,0.004,2.8,,3.6,270,28.6
2021-02-10,41,25,0.029,0.034,0.5,0.004,6.6,,3.5,320,33.8
2021-02-11,47,32,0.032,0.029,0.5,0.004,8.3,,2.2,50,56.3
2021-02-12,41,27,0.026,0.03,0.6,0.004,10.7,,1.7,70,59.1
2021-02-13,40,28,0.024,0.041,0.6,0.004,12.6,,1.6,20,52.6
2021-02-14,34,22,0.01,0.042,0.6,0.003,11.9,17.3,1.1,50,92.6
2021-02-15,23,15,0.031,0.018,0.4,0.003,8.1,0.6,5.4,270,57.4
2021-02-16,19,10,0.034,0.017,0.4,0.003,2,,4.9,270,40.1
2021-02-17,19,9,0.034,0.011,0.4,0.003,-3.2,,5.8,270,32.4
2021-02-18,23,12,0.031,0.015,0.4,0.004,-2.4,,3.4,270,40.5
2021-02-19,29,15,0.034,0.02,0.4,0.004,4.3,,4.7,250,44.1
2021-02-20,54,24,0.044,0.027,0.5,0.004,11.8,,5.9,250,66.4
2021-02-21,49,25,0.051,0.019,0.5,0.004,14.6,,5.7,250,58.6
2021-02-22,44,18,0.036,0.033,0.4,0.004,15.2,,5.3,250,57.6
2021-02-23,25,8,0.028,0.032,0.4,0.003,8.4,,2.7,320,33.1
2021-02-24,29,12,0.017,0.038,0.4,0.003,7.8,,2.3,50,46.5
2021-02-25,26,11,0.017,0.039,0.4,0.004,8.8,2,2.4,50,69.6
2021-02-26,19,7,0.032,0.023,0.4,0.003,9.1,6.7,4.6,50,69.8
2021-02-27,23,8,0.039,0.015,0.3,0.003,7.4,,5.6,50,60
2021-02-28,21,7,0.029,0.026,0.4,0.003,10.5,,2.6,50,71.9
2021-03-01,25,10,0.018,0.033,0.5,0.004,12.4,37.8,3.6,200,90.3
2021-03-02,9,5,0.027,0.023,0.4,0.003,4.5,10,3.4,50,71.3
2021-03-03,25,9,0.02,0.034,0.4,0.003,6.1,,2.8,50,58.3
2021-03-04,31,12,0.009,0.046,0.5,0.004,9.2,6.3,1.4,50,77.3
2021-03-05,27,14,0.016,0.037,0.5,0.004,12.5,2.1,2.6,50,81.1
2021-03-06,32,16,0.027,0.025,0.5,0.003,8.1,0,3.9,50,71.5
2021-03-07,16,6,0.036,0.016,0.4,0.004,6.5,,3,50,65.8
2021-03-08,25,13,0.019,0.035,0.5,0.004,8.4,,2.8,50,63.8
2021-03-09,26,14,0.025,0.034,0.4,0.003,9.7,,3,50,61.3
2021-03-10,53,28,0.029,0.032,0.5,0.003,10.3,,3.8,50,49.9
2021-03-11,35,13,0.02,0.041,0.4,0.004,11.5,0,2,50,66.5
2021-03-12,12,9,0.027,0.03,0.4,0.003,10,23.4,3.8,50,86
2021-03-13,46,26,0.04,0.023,0.5,0.003,10.9,,2.8,50,64
2021-03-14,46,29,0.036,0.026,0.5,0.003,12.3,,2.1,290,61
2021-03-15,53,33,0.026,0.042,0.6,0.003,12.9,,3.5,200,65.6
2021-03-16,48,17,0.033,0.033,0.5,0.003,15.2,2.5,3.3,230,75.4
2021-03-17,87,19,0.026,0.03,0.4,0.004,11.4,,3.6,50,61.3
2021-03-18,65,14,0.03,0.028,0.4,0.003,11.4,,4,50,64.5
2021-03-19,36,10,0.035,0.024,0.4,0.004,12.1,,4.5,50,60.4
2021-03-20,14,7,0.023,0.025,0.4,0.004,10.9,7.8,2.6,50,89.1
2021-03-21,27,15,0.042,0.009,0.4,0.003,10.1,0,3.6,270,53.6
2021-03-22,28,13,0.042,0.013,0.3,0.003,8.2,,4.1,270,32.6
2021-03-23,79,24,0.04,0.027,0.4,0.004,10.7,,4.5,250,45.6
2021-03-24,61,17,0.043,0.028,0.4,0.004,12.8,,4.4,250,58.8
2021-03-25,43,18,0.041,0.038,0.4,0.007,14.7,,2.8,230,49
2021-03-26,59,27,0.032,0.054,0.5,0.005,15.8,,2.6,70,48.1
2021-03-27,46,16,0.028,0.033,0.4,0.004,14.8,14.5,3.3,50,77.1
2021-03-28,19,10,0.044,0.018,0.4,0.004,15.5,23.1,5.7,200,72.8
2021-03-29,468,107,0.039,0.025,0.5,0.004,15.1,,5.1,250,54
2021-03-30,153,30,0.028,0.034,0.4,0.004,14.5,,2.4,270,38.6
2021-03-31,72,17,0.03,0.039,0.4,0.004,13.9,,2.6,50,61
2021-04-01,67,16,0.04,0.024,0.4,0.004,14.3,,4.8,50,54.4
2021-04-02,42,15,0.031,0.03,0.4,0.005,15.7,0,3.2,50,65.3
2021-04-03,41,18,0.02,0.035,0.4,0.003,16.4,39.5,2.2,50,84.9
2021-04-04,12,7,0.035,0.013,0.3,0.002,10.8,19.5,3.9,50,80.8
2021-04-05,19,9,0.034,0.023,0.3,0.003,11.1,,4,50,48.5
2021-04-06,25,13,0.027,0.037,0.4,0.003,12.8,,3,180,51.1
2021-04-07,39,19,0.044,0.03,0.3,0.003,15.9,,3.4,110,44.8
2021-04-08,37,19,0.033,0.038,0.3,0.003,14,,2.7,50,58.8
2021-04-09,26,11,0.03,0.026,0.3,0.002,12,,3.5,50,60.1
2021-04-10,14,7,0.035,0.018,0.3,0.002,11,,3.3,50,56.5
2021-04-11,12,6,0.035,0.018,0.3,0.002,13.7,,2.6,50,58.1
2021-04-12,20,12,0.019,0.038,0.4,0.002,14.2,24.1,2.8,50,84.4
2021-04-13,14,7,0.042,0.017,0.3,0.002,16.4,22.9,5.1,250,60.6
2021-04-14,23,13,0.036,0.033,0.3,0.002,10.7,,4.1,140,47.8
2021-04-15,35,18,0.027,0.046,0.3,0.003,12.6,,2.2,110,43.4
2021-04-16,30,15,0.03,0.036,0.3,0.003,14.7,,3.8,200,70.9
2021-04-17,57,19,0.038,0.023,0.3,0.003,15.1,,3.9,270,46.4
2021-04-18,25,9,0.041,0.012,0.3,0.002,12,,4,270,45.3
2021-04-19,35,14,0.048,0.024,0.3,0.003,15,,3,230,38.4
2021-04-20,52,24,0.055,0.038,0.4,0.003,17.6,,3.2,320,30.5
2021-04-21,68,31,0.023,0.073,0.5,0.004,18.6,,1.6,70,44.3
2021-04-22,50,20,0.033,0.048,0.4,0.003,19.7,0,2.3,50,35.9
2021-04-23,34,11,0.039,0.025,0.3,0.003,17,,3.8,70,45.3
2021-04-24,24,11,0.035,0.025,0.3,0.002,15.7,,3,90,64.4
2021-04-25,24,11,0.035,0.021,0.3,0.003,15.1,,3.5,50,59.4
2021-04-26,17,6,0.031,0.028,0.3,0.002,13.6,,3,50,53.4
2021-04-27,23,10,0.028,0.031,0.3,0.003,15.1,,2.9,200,70
2021-04-28,26,11,0.036,0.024,0.3,0.003,17.1,,4,250,74.1
2021-04-29,62,23,0.03,0.037,0.3,0.003,17.3,,2.9,250,57.4
2021-04-30,67,21,0.056,0.019,0.3,0.003,16.8,1.1,6.7,230,51.8
2021-05-01,18,10,0.046,0.012,0.3,0.002,12.2,11.5,4.7,270,69
2021-05-02,16,10,0.044,0.013,0.3,0.002,12.6,0.3,4.1,270,62.6
2021-05-03,18,9,0.034,0.029,0.3,0.002,15.5,,4.6,230,60.6
2021-05-04,21,10,0.036,0.023,0.3,0.002,16.4,18.5,5.2,230,85
2021-05-05,32,10,0.046,0.012,0.3,0.002,18.5,6,4.8,200,47.6
2021-05-06,54,14,0.028,0.04,0.3,0.003,17.1,,3,180,32.9
2021-05-07,57,19,0.042,0.026,0.3,0.002,17.4,,5.9,230,65.1
2021-05-08,216,71,0.039,0.021,0.3,0.002,17,,5.1,200,46.6
2021-05-09,96,30,0.048,0.02,0.3,0.002,17.9,,3.7,250,48.1
2021-05-10,27,10,0.025,0.039,0.3,0.003,17.5,,2.2,90,49.5
2021-05-11,23,9,0.036,0.028,0.2,0.003,16.4,,3.4,50,55
2021-05-12,31,11,0.038,0.026,0.2,0.004,18.5,,3.2,50,58
2021-05-13,28,12,0.026,0.038,0.3,0.004,19.7,,2.3,50,62.1
2021-05-14,29,16,0.018,0.043,0.3,0.003,19.4,,1.6,50,73.9
2021-05-15,19,12,0.012,0.036,0.2,0.003,18.8,22.9,2.5,50,94.8
2021-05-16,11,6,0.012,0.019,0.1,0.003,19.3,45.1,5.7,230,97.6
2021-05-17,18,10,0.015,0.042,0.2,0.003,14.7,2.2,2,70,96.6
2021-05-18,20,10,0.018,0.039,0.2,0.004,16.1,1.1,1.8,50,93.6
2021-05-19,43,24,0.038,0.04,0.3,0.004,19.3,,2.6,180,74.4
2021-05-20,25,15,0.018,0.043,0.3,0.003,16.9,25,2.3,50,90.5
2021-05-21,20,10,0.047,0.027,0.3,0.003,18.4,0.1,4.6,250,70.5
2021-05-22,23,12,0.051,0.024,0.2,0.003,19,,3.2,180,68
2021-05-23,44,26,0.037,0.048,0.3,0.005,21.5,,3,200,67.9
2021-05-24,39,23,0.033,0.05,0.3,0.004,18.8,1.2,3.4,200,77
2021-05-25,59,16,0.058,0.017,0.2,0.003,19.9,0,3.9,320,44.8
2021-05-26,44,13,0.036,0.036,0.2,0.004,17.9,0.5,3.5,230,47.4
2021-05-27,28,14,0.041,0.031,0.2,0.004,16.9,1.8,3.2,230,84.4
2021-05-28,51,23,0.042,0.036,0.3,0.004,17.6,3,4.9,230,80.4
2021-05-29,32,15,0.052,0.029,0.3,0.004,18.7,,3.8,180,65.1
2021-05-30,36,20,0.037,0.042,0.3,0.005,19.8,,2.2,90,65.9
2021-05-31,35,15,0.031,0.042,0.3,0.005,20.3,0,2.2,70,63
2021-06-01,36,14,0.029,0.042,0.2,0.006,21.2,,1.9,50,57.6
2021-06-02,50,20,0.023,0.055,0.3,0.005,21.4,,1.8,180,64.5
2021-06-03,40,21,0.009,0.052,0.3,0.005,19.2,24.4,1.6,50,91.8
2021-06-04,26,10,0.04,0.033,0.2,0.004,20.7,2.2,3.1,270,65.8
2021-06-05,44,20,0.061,0.027,0.3,0.005,20.2,,5.5,230,73.3
2021-06-06,39,19,0.062,0.025,0.2,0.004,20.9,,4.6,250,74.6
2021-06-07,44,16,0.032,0.046,0.2,0.005,21.6,,3.9,180,68.5
2021-06-08,38,19,0.037,0.05,0.3,0.008,23,,2.7,180,65.4
2021-06-09,40,20,0.043,0.048,0.3,0.006,23.1,,2.4,70,56.5
2021-06-10,46,26,0.032,0.047,0.3,0.008,22.4,0,2.1,50,71.6
2021-06-11,22,15,0.023,0.041,0.2,0.004,20.8,82.6,2.5,180,94.4
2021-06-12,11,9,0.014,0.04,0.3,0.004,20.9,73.4,1.9,70,98.4
2021-06-13,25,18,0.017,0.037,0.2,0.006,22.8,0,1.5,90,89.1
2021-06-14,35,18,0.019,0.039,0.2,0.005,22.4,,2,70,85.6
2021-06-15,20,10,0.022,0.031,0.2,0.004,20.8,30,2.6,70,90.1
2021-06-16,18,10,0.041,0.022,0.2,0.004,20,13.5,3.9,70,86.6
2021-06-17,25,11,0.025,0.027,0.2,0.006,19.9,1.1,2.5,50,83.5
2021-06-18,26,16,0.018,0.035,0.3,0.005,20,5,2.4,200,91
2021-06-19,45,25,0.06,0.027,0.3,0.005,22.9,,2.2,180,73.1
2021-06-20,49,29,0.049,0.04,0.3,0.006,23,,2.6,180,72.9
2021-06-21,46,24,0.037,0.042,0.3,0.006,23.9,,2.9,270,61.6
2021-06-22,28,10,0.029,0.03,0.2,0.005,21.3,0.1,2.9,50,71.8
2021-06-23,25,8,0.028,0.025,0.2,0.005,21.1,,2.6,50,73.8
2021-06-24,21,10,0.027,0.033,0.2,0.008,21.7,,2.1,50,74.6
2021-06-25,29,16,0.025,0.044,0.2,0.006,22.2,,2,180,77.1
2021-06-26,25,16,0.027,0.043,0.2,0.006,23,0,1.6,180,75.4
2021-06-27,28,18,0.045,0.019,0.2,0.005,23.8,,2.8,50,69.6
2021-06-28,38,20,0.036,0.025,0.2,0.006,24.1,,2.9,50,70.9
2021-06-29,31,16,0.031,0.029,0.2,0.005,23.5,,2.5,50,73.8
2021-06-30,29,13,0.026,0.027,0.2,0.005,23.9,,2.7,50,73
2021-07-01,31,15,0.023,0.033,0.2,0.007,24.8,,2.6,50,66.8
2021-07-02,31,15,0.031,0.024,0.2,0.006,24.7,,3.2,50,69.6
2021-07-03,20,12,0.031,0.024,0.2,0.005,22.9,40.8,3.4,70,88.1
2021-07-04,21,9,0.036,0.017,0.2,0.005,23.9,66.2,7.7,200,87.5
2021-07-05,19,12,0.025,0.038,0.3,0.006,22.7,16.1,3.4,250,91
2021-07-06,15,6,0.016,0.021,0.2,0.004,23.4,121.3,6.6,230,96.3
2021-07-07,19,11,0.008,0.026,0.2,0.003,23.7,137.5,3.2,200,95.8
2021-07-08,21,14,0.018,0.035,0.2,0.003,23.7,0.7,2.5,70,92.3
2021-07-09,30,17,0.018,0.039,0.3,0.004,24.4,4.2,1.7,160,90.6
2021-07-10,31,18,0.038,0.03,0.3,0.003,25.3,,3.6,200,84.9
2021-07-11,25,12,0.036,0.023,0.2,0.003,26.2,,4.3,200,84.6
2021-07-12,29,14,0.022,0.023,0.2,0.004,27.2,,4.2,200,83.6
2021-07-13,20,8,0.012,0.018,0.1,0.004,27,,4.2,200,85.9
2021-07-14,19,8,0.011,0.017,0.1,0.004,27.5,,3.8,200,84.6
2021-07-15,20,10,0.011,0.023,0.2,0.004,27.3,,2.7,180,83
2021-07-16,31,16,0.024,0.032,0.2,0.004,27,0.1,2.3,70,79.4
2021-07-17,21,7,0.019,0.019,0.1,0.003,25.5,7.7,2.6,90,80.4
2021-07-18,14,8,0.022,0.016,0.1,0.003,26.3,,2.2,70,78.9
2021-07-19,23,12,0.017,0.025,0.2,0.004,26.8,1.1,1.8,70,80.8
2021-07-20,24,9,0.013,0.021,0.2,0.003,28.4,,2.4,50,69
2021-07-21,27,13,0.02,0.02,0.2,0.003,27.9,,2.9,70,70.9
2021-07-22,32,15,0.024,0.02,0.2,0.003,28,,2.8,50,73
2021-07-23,31,16,0.026,0.022,0.2,0.003,27.8,,2.6,50,74.9
2021-07-24,23,12,0.028,0.016,0.2,0.003,28.1,,2.4,50,72.6
2021-07-25,19,9,0.028,0.013,0.2,0.002,27.9,,2.6,70,72.3
2021-07-26,23,11,0.018,0.023,0.2,0.003,28.1,,2.8,90,70.3
2021-07-27,25,13,0.023,0.02,0.2,0.003,28.1,,2.7,50,74.1
2021-07-28,24,12,0.015,0.019,0.2,0.002,27.9,,2.4,50,73.1
2021-07-29,20,12,0.015,0.022,0.2,0.003,28.1,,2.3,180,71
2021-07-30,22,12,0.018,0.022,0.2,0.003,27.8,,3.8,250,74.3
2021-07-31,17,10,0.025,0.019,0.2,0.002,28,4.2,3.4,180,84.1
2021-08-01,26,18,0.038,0.019,0.3,0.003,29.1,,2.7,180,80.5
2021-08-02,19,10,0.016,0.018,0.2,0.003,29,,3.1,180,76.5
2021-08-03,25,14,0.014,0.02,0.2,0.003,28,,2.5,180,75.8
2021-08-04,26,19,0.022,0.025,0.2,0.003,29.4,,1.7,180,70.5
2021-08-05,26,16,0.022,0.026,0.2,0.002,29.8,,1.7,90,73.4
2021-08-06,26,14,0.024,0.025,0.2,0.002,30.4,,2.1,50,71.8
2021-08-07,22,16,0.023,0.02,0.2,0.003,29.7,0.8,2.1,90,72.5
2021-08-08,15,8,0.024,0.015,0.2,0.002,25.3,43.3,2.6,50,90.4
2021-08-09,18,7,0.028,0.017,0.2,0.002,26.3,2.1,3.3,320,77.9
2021-08-10,34,10,0.018,0.027,0.2,0.003,26.2,0.5,2.4,50,78.9
2021-08-11,31,13,0.023,0.026,0.3,0.002,26,0,2,180,82.4
2021-08-12,26,11,0.025,0.032,0.3,0.003,26.3,0.2,2.3,90,80.5
2021-08-13,20,9,0.026,0.028,0.2,0.002,25,1.6,2.4,50,84.8
2021-08-14,15,7,0.037,0.018,0.2,0.002,23.6,15,2.8,50,86.5
2021-08-15,19,9,0.032,0.009,0.2,0.002,24.7,0.2,2.7,50,77.1
2021-08-16,25,10,0.027,0.012,0.2,0.002,25,,3.2,50,73.4
2021-08-17,14,7,0.024,0.019,0.2,0.002,22.8,42.8,3.2,50,87.3
2021-08-18,21,9,0.033,0.027,0.3,0.002,23.4,4.1,2.9,50,82.1
2021-08-19,27,9,0.026,0.027,0.3,0.002,24.6,0,2.4,50,78.3
2021-08-20,24,11,0.019,0.037,0.3,0.002,25.5,,2.3,110,81.3
2021-08-21,24,10,0.027,0.02,0.2,0.002,23.8,99.1,6.4,230,93.4
2021-08-22,25,13,0.036,0.026,0.3,0.003,26.1,,4.3,250,83.9
2021-08-23,21,14,0.02,0.03,0.3,0.003,24,79.7,2.4,50,93.4
2021-08-24,36,14,0.019,0.021,0.2,0.002,25.5,36.1,7.7,230,93.1
2021-08-25,26,15,0.017,0.035,0.3,0.002,24.3,146.2,3.4,230,97.8
2021-08-26,41,21,0.021,0.044,0.3,0.003,26.4,0,2.8,180,82.4
2021-08-27,39,16,0.013,0.031,0.3,0.002,26.2,2.1,4.3,200,82.9
2021-08-28,24,14,0.026,0.029,0.3,0.003,26.7,6.3,3.2,180,82.5
2021-08-29,19,11,0.018,0.021,0.2,0.002,26.6,0.5,3.8,200,86
2021-08-30,37,21,0.017,0.045,0.3,0.004,26.4,0.5,2.2,70,78.1
2021-08-31,40,20,0.02,0.04,0.3,0.002,26,0.1,1.7,90,84.5
2021-09-01,28,14,0.015,0.028,0.3,0.003,24.9,23.1,3.8,200,86.6
2021-09-02,14,8,0.024,0.024,0.3,0.002,21.6,1.5,2.7,50,87
2021-09-03,20,7,0.025,0.02,0.3,0.002,22.1,0.8,3.2,50,81
2021-09-04,20,7,0.029,0.016,0.2,0.002,23,,2.7,50,73.5
2021-09-05,22,8,0.032,0.01,0.2,0.002,22.7,0,2.8,50,71.6
2021-09-06,30,8,0.024,0.022,0.2,0.001,23.1,2.5,3.1,50,79.4
2021-09-07,26,11,0.021,0.028,0.2,0.002,24.5,6.9,3.2,50,86
2021-09-08,20,10,0.028,0.024,0.3,0.003,24.4,0,2.5,90,76.9
2021-09-09,27,15,0.034,0.033,0.3,0.004,24.2,,1.8,110,76.1
2021-09-10,26,15,0.02,0.035,0.3,0.003,22.8,0.3,1.8,250,77.8
2021-09-11,29,17,0.038,0.03,0.3,0.004,24.9,,2.3,160,75.6
2021-09-12,29,16,0.043,0.022,0.3,0.003,24.9,,2.1,50,72.6
2021-09-13,31,10,0.029,0.021,0.2,0.002,23.6,,3.5,50,75.9
2021-09-14,14,8,0.018,0.025,0.2,0.002,21.5,12.5,3.4,50,93
2021-09-15,32,8,0.028,0.017,0.2,0.003,22.9,,4.8,70,69.6
2021-09-16,23,8,0.028,0.016,0.2,0.002,22.7,0,3.9,50,76
2021-09-17,10,5,0.03,0.013,0.2,0.002,20.3,50.1,4.2,70,90.4
2021-09-18,21,8,0.022,0.021,0.2,0.002,22.5,,2,50,71.8
2021-09-19,16,6,0.03,0.012,0.2,0.002,22.7,,2.7,50,72.5
2021-09-20,18,7,0.027,0.016,0.2,0.002,23.1,,2.6,50,79.4
2021-09-21,21,10,0.029,0.016,0.2,0.002,23,7.9,4.5,200,92.9
2021-09-22,27,16,0.046,0.016,0.4,0.003,23.1,4,,,80.9
2021-09-23,23,11,0.038,0.021,0.3,0.002,22.8,,2.2,160,60.8
2021-09-24,20,8,0.02,0.023,0.3,0.002,22.1,,2.6,50,70.5
2021-09-25,17,7,0.024,0.016,0.2,0.002,22.1,0.2,3.3,50,80.5
2021-09-26,15,5,0.03,0.01,0.2,0.002,21.7,,3.1,50,70.6
2021-09-27,17,6,0.022,0.021,0.2,0.002,21.8,0.1,3,70,73.3
2021-09-28,18,8,0.019,0.025,0.2,0.002,22.4,0,2.6,50,77.3
2021-09-29,23,13,0.015,0.028,0.3,0.003,24.2,18.1,3.1,230,88.6
2021-09-30,15,9,0.019,0.026,0.3,0.003,22.1,36.7,2.9,50,86.1
2021-10-01,21,11,0.023,0.03,0.3,0.003,22.2,,2.1,110,75.8
2021-10-02,40,25,0.035,0.031,0.4,0.003,23.3,,2,180,76.4
2021-10-03,38,24,0.033,0.03,0.4,0.003,23.5,,1.3,180,73.3
2021-10-04,37,19,0.029,0.028,0.3,0.004,24.5,,5.7,230,80.4
2021-10-05,29,15,0.022,0.032,0.3,0.004,24.4,,3.5,250,78.9
2021-10-06,29,16,0.02,0.03,0.3,0.004,23.4,,2.3,50,79.3
2021-10-07,24,15,0.02,0.032,0.3,0.003,23.4,,2.3,200,76.4
2021-10-08,26,16,0.02,0.028,0.3,0.004,23.3,0.2,2.1,50,77.9
2021-10-09,30,18,0.027,0.02,0.3,0.003,23.7,0.4,2.3,50,83.5
2021-10-10,28,16,0.021,0.024,0.3,0.004,24.9,,3,230,82.1
2021-10-11,13,8,0.021,0.02,0.3,0.004,21.1,1.6,3.5,50,85.1
2021-10-12,13,5,0.024,0.018,0.2,0.003,18.6,0.1,4.1,50,80.6
2021-10-13,15,6,0.023,0.021,0.2,0.002,19.9,0,3.4,50,75
2021-10-14,22,9,0.022,0.032,0.3,0.002,21.4,,2.4,50,73
2021-10-15,29,15,0.019,0.033,0.3,0.002,21.9,0,2,50,72.8
2021-10-16,11,6,0.028,0.013,0.3,0.001,14.7,8.5,2.4,320,71.6
2021-10-17,21,7,0.029,0.009,0.2,0.001,10.2,,3.4,320,45.9
2021-10-18,23,10,0.019,0.028,0.3,0.001,13.6,,1.8,320,50
2021-10-19,24,13,0.03,0.021,0.3,0.001,14.4,,2.9,320,46.4
2021-10-20,23,13,0.022,0.025,0.3,0.001,13.7,0,2.5,320,61.4
2021-10-21,14,9,0.012,0.032,0.3,0.001,12.6,7.4,2.4,50,84.9
2021-10-22,24,15,0.03,0.02,0.3,0.001,13.2,,3.6,320,61.4
2021-10-23,17,8,0.025,0.022,0.3,0.001,15.1,,2.3,50,59.4
2021-10-24,17,9,0.02,0.026,0.3,0.001,15.8,,0.9,110,59.5
2021-10-25,27,13,0.017,0.041,0.3,0.002,16.7,,1.4,320,58.1
2021-10-26,36,21,0.028,0.033,0.3,0.002,15.9,,1.9,290,45.6
2021-10-27,57,34,0.034,0.038,0.4,0.002,17.1,,2.8,320,49
2021-10-28,35,14,0.025,0.028,0.3,0.002,16.9,,3.3,50,48.4
2021-10-29,23,7,0.024,0.023,0.3,0.002,15.9,,3.3,50,55.8
2021-10-30,19,9,0.022,0.024,0.3,0.002,16.6,,2.5,50,59.1
2021-10-31,20,12,0.024,0.027,0.3,0.002,17,,1.4,110,56.4
